"DATA";"SISTEMA";"TOTAL_PAX_TRANSPORTADO"
2015-01-01;"SPPO";1151943
2015-01-02;"SPPO";2388332
2015-01-03;"SPPO";1914031
2015-01-04;"SPPO";1370014
2015-01-05;"SPPO";3123524
2015-01-06;"SPPO";3217833
2015-01-07;"SPPO";3294170
2015-01-08;"SPPO";3245880
2015-01-09;"SPPO";3296836
2015-01-10;"SPPO";2219243
2015-01-11;"SPPO";1561212
2015-01-12;"SPPO";3212332
2015-01-13;"SPPO";3241401
2015-01-14;"SPPO";3182879
2015-01-15;"SPPO";3216488
2015-01-16;"SPPO";3217063
2015-01-17;"SPPO";2153752
2015-01-18;"SPPO";1494813
2015-01-19;"SPPO";2953963
2015-01-20;"SPPO";1727462
2015-01-21;"SPPO";3204527
2015-01-22;"SPPO";3105754
2015-01-23;"SPPO";3185240
2015-01-24;"SPPO";2084121
2015-01-25;"SPPO";1416503
2015-01-26;"SPPO";3155461
2015-01-27;"SPPO";3207927
2015-01-28;"SPPO";3207725
2015-01-29;"SPPO";3203017
2015-01-30;"SPPO";3271524
2015-01-31;"SPPO";2160149
2015-02-01;"SPPO";1413442
2015-02-02;"SPPO";3312519
2015-02-03;"SPPO";3489337
2015-02-04;"SPPO";3552295
2015-02-05;"SPPO";3506062
2015-02-06;"SPPO";3556647
2015-02-07;"SPPO";2360413
2015-02-08;"SPPO";1564108
2015-02-09;"SPPO";3614613
2015-02-10;"SPPO";3653925
2015-02-11;"SPPO";3610965
2015-02-12;"SPPO";3512126
2015-02-13;"SPPO";3096814
2015-02-14;"SPPO";1949693
2015-02-15;"SPPO";1345140
2015-02-16;"SPPO";1500436
2015-02-17;"SPPO";1292598
2015-02-18;"SPPO";1822594
2015-02-19;"SPPO";3024922
2015-02-20;"SPPO";3138748
2015-02-21;"SPPO";2114339
2015-02-22;"SPPO";1498614
2015-02-23;"SPPO";3590358
2015-02-24;"SPPO";3612096
2015-02-25;"SPPO";3654416
2015-02-26;"SPPO";3630765
2015-02-27;"SPPO";3661604
2015-02-28;"SPPO";2207274
2015-03-01;"SPPO";1456339
2015-03-02;"SPPO";3658635
2015-03-03;"SPPO";3780362
2015-03-04;"SPPO";3784017
2015-03-05;"SPPO";3809018
2015-03-06;"SPPO";3807092
2015-03-07;"SPPO";2304394
2015-03-08;"SPPO";1485057
2015-03-09;"SPPO";3616110
2015-03-10;"SPPO";3769958
2015-03-11;"SPPO";3752867
2015-03-12;"SPPO";3755841
2015-03-13;"SPPO";3680482
2015-03-14;"SPPO";2333282
2015-03-15;"SPPO";1465679
2015-03-16;"SPPO";3704562
2015-03-17;"SPPO";3684160
2015-03-18;"SPPO";3713686
2015-03-19;"SPPO";3750878
2015-03-20;"SPPO";3724995
2015-03-21;"SPPO";2229326
2015-03-22;"SPPO";1365363
2015-03-23;"SPPO";3563482
2015-03-24;"SPPO";3744116
2015-03-25;"SPPO";3759988
2015-03-26;"SPPO";3729837
2015-03-27;"SPPO";3726598
2015-03-28;"SPPO";2274660
2015-03-29;"SPPO";1388819
2015-03-30;"SPPO";3694717
2015-03-31;"SPPO";3802745
2015-04-01;"SPPO";3783435
2015-04-02;"SPPO";3418088
2015-04-03;"SPPO";1529955
2015-04-04;"SPPO";2083683
2015-04-05;"SPPO";1404704
2015-04-06;"SPPO";3684290
2015-04-07;"SPPO";3629433
2015-04-08;"SPPO";3855011
2015-04-09;"SPPO";3819322
2015-04-10;"SPPO";3820574
2015-04-11;"SPPO";2404717
2015-04-12;"SPPO";1481279
2015-04-13;"SPPO";3797365
2015-04-14;"SPPO";3829097
2015-04-15;"SPPO";3805717
2015-04-16;"SPPO";3766158
2015-04-17;"SPPO";3755188
2015-04-18;"SPPO";2307944
2015-04-19;"SPPO";1400449
2015-04-20;"SPPO";3287295
2015-04-21;"SPPO";1549460
2015-04-22;"SPPO";3234296
2015-04-23;"SPPO";1689104
2015-04-24;"SPPO";3261672
2015-04-25;"SPPO";2145854
2015-04-26;"SPPO";1344308
2015-04-27;"SPPO";3680174
2015-04-28;"SPPO";3731573
2015-04-29;"SPPO";3696012
2015-04-30;"SPPO";3634044
2015-05-01;"SPPO";1596769
2015-05-02;"SPPO";2151644
2015-05-03;"SPPO";1454154
2015-05-04;"SPPO";3726112
2015-05-05;"SPPO";3717242
2015-05-06;"SPPO";3734659
2015-05-07;"SPPO";3828369
2015-05-08;"SPPO";3760844
2015-05-09;"SPPO";2482175
2015-05-10;"SPPO";1539036
2015-05-11;"SPPO";3679469
2015-05-12;"SPPO";3761867
2015-05-13;"SPPO";3754514
2015-05-14;"SPPO";3717856
2015-05-15;"SPPO";3753504
2015-05-16;"SPPO";2362624
2015-05-17;"SPPO";1484761
2015-05-18;"SPPO";3684410
2015-05-19;"SPPO";3755245
2015-05-20;"SPPO";3747162
2015-05-21;"SPPO";3705350
2015-05-22;"SPPO";3705616
2015-05-23;"SPPO";2317203
2015-05-24;"SPPO";1476177
2015-05-25;"SPPO";3624066
2015-05-26;"SPPO";3675719
2015-05-27;"SPPO";3686028
2015-05-28;"SPPO";3636228
2015-05-29;"SPPO";3618535
2015-05-30;"SPPO";2349808
2015-05-31;"SPPO";1345076
2015-06-01;"SPPO";3708137
2015-06-02;"SPPO";3749665
2015-06-03;"SPPO";3851876
2015-06-04;"SPPO";1699764
2015-06-05;"SPPO";3153991
2015-06-06;"SPPO";2237491
2015-06-07;"SPPO";1505481
2015-06-08;"SPPO";3767866
2015-06-09;"SPPO";3802723
2015-06-10;"SPPO";3806515
2015-06-11;"SPPO";3786331
2015-06-12;"SPPO";3730685
2015-06-13;"SPPO";2391666
2015-06-14;"SPPO";1568730
2015-06-15;"SPPO";3597866
2015-06-16;"SPPO";3624070
2015-06-17;"SPPO";3690914
2015-06-18;"SPPO";3721791
2015-06-19;"SPPO";3395167
2015-06-20;"SPPO";2221665
2015-06-21;"SPPO";1409186
2015-06-22;"SPPO";3624540
2015-06-23;"SPPO";3667012
2015-06-24;"SPPO";3361444
2015-06-25;"SPPO";3563868
2015-06-26;"SPPO";3625440
2015-06-27;"SPPO";2263053
2015-06-28;"SPPO";1420724
2015-06-29;"SPPO";3593705
2015-06-30;"SPPO";3695027
2015-07-01;"SPPO";3670612
2015-07-02;"SPPO";3671663
2015-07-03;"SPPO";3658629
2015-07-04;"SPPO";2239590
2015-07-05;"SPPO";1362431
2015-07-06;"SPPO";3568671
2015-07-07;"SPPO";3626515
2015-07-08;"SPPO";3627752
2015-07-09;"SPPO";3574801
2015-07-10;"SPPO";3612410
2015-07-11;"SPPO";2313573
2015-07-12;"SPPO";1501455
2015-07-13;"SPPO";3419228
2015-07-14;"SPPO";3437151
2015-07-15;"SPPO";3466359
2015-07-16;"SPPO";3409795
2015-07-17;"SPPO";3366953
2015-07-18;"SPPO";2216646
2015-07-19;"SPPO";1461455
2015-07-20;"SPPO";3244959
2015-07-21;"SPPO";3249720
2015-07-22;"SPPO";3139872
2015-07-23;"SPPO";3189890
2015-07-24;"SPPO";3230633
2015-07-25;"SPPO";2036648
2015-07-26;"SPPO";1350469
2015-07-27;"SPPO";3094001
2015-07-28;"SPPO";3160688
2015-07-29;"SPPO";3201617
2015-07-30;"SPPO";3201577
2015-07-31;"SPPO";3282424
2015-08-01;"SPPO";2286062
2015-08-02;"SPPO";1555763
2015-08-03;"SPPO";3597980
2015-08-04;"SPPO";3683320
2015-08-05;"SPPO";3730185
2015-08-06;"SPPO";3734833
2015-08-07;"SPPO";3721055
2015-08-08;"SPPO";2414562
2015-08-09;"SPPO";1571218
2015-08-10;"SPPO";3643061
2015-08-11;"SPPO";3668088
2015-08-12;"SPPO";3709895
2015-08-13;"SPPO";3701206
2015-08-14;"SPPO";3645560
2015-08-15;"SPPO";2338577
2015-08-16;"SPPO";1556933
2015-08-17;"SPPO";3617110
2015-08-18;"SPPO";3694475
2015-08-19;"SPPO";3603303
2015-08-20;"SPPO";3648381
2015-08-21;"SPPO";3597857
2015-08-22;"SPPO";2265047
2015-08-23;"SPPO";1515099
2015-08-24;"SPPO";3543074
2015-08-25;"SPPO";3554358
2015-08-26;"SPPO";3614147
2015-08-27;"SPPO";3598447
2015-08-28;"SPPO";3600234
2015-08-29;"SPPO";2265426
2015-08-30;"SPPO";1532212
2015-08-31;"SPPO";3628122
2015-09-01;"SPPO";3688533
2015-09-02;"SPPO";3679129
2015-09-03;"SPPO";3769885
2015-09-04;"SPPO";3705103
2015-09-05;"SPPO";2248315
2015-09-06;"SPPO";1490474
2015-09-07;"SPPO";1520020
2015-09-08;"SPPO";3678886
2015-09-09;"SPPO";3674384
2015-09-10;"SPPO";3762828
2015-09-11;"SPPO";3564850
2015-09-12;"SPPO";2267598
2015-09-13;"SPPO";1350340
2015-09-14;"SPPO";3608474
2015-09-15;"SPPO";3719021
2015-09-16;"SPPO";3686130
2015-09-17;"SPPO";3690923
2015-09-18;"SPPO";3648144
2015-09-19;"SPPO";2380757
2015-09-20;"SPPO";1597623
2015-09-21;"SPPO";3586028
2015-09-22;"SPPO";3653264
2015-09-23;"SPPO";3633591
2015-09-24;"SPPO";3627618
2015-09-25;"SPPO";3593571
2015-09-26;"SPPO";2260238
2015-09-27;"SPPO";1487702
2015-09-28;"SPPO";3461707
2015-09-29;"SPPO";3609961
2015-09-30;"SPPO";3626043
2015-10-01;"SPPO";3766408
2015-10-02;"SPPO";3825623
2015-10-03;"SPPO";2361319
2015-10-04;"SPPO";1448966
2015-10-05;"SPPO";3731121
2015-10-06;"SPPO";3840755
2015-10-07;"SPPO";3796665
2015-10-08;"SPPO";3723529
2015-10-09;"SPPO";3713357
2015-10-10;"SPPO";2423842
2015-10-11;"SPPO";1627548
2015-10-12;"SPPO";1657143
2015-10-13;"SPPO";3679130
2015-10-14;"SPPO";3708565
2015-10-15;"SPPO";3408449
2015-10-16;"SPPO";3522956
2015-10-17;"SPPO";2337978
2015-10-18;"SPPO";1439528
2015-10-19;"SPPO";2856553
2015-10-20;"SPPO";3829377
2015-10-21;"SPPO";3691447
2015-10-22;"SPPO";3679393
2015-10-23;"SPPO";3687153
2015-10-24;"SPPO";2308856
2015-10-25;"SPPO";1496997
2015-10-26;"SPPO";3658568
2015-10-27;"SPPO";3763435
2015-10-28;"SPPO";3747247
2015-10-29;"SPPO";3725966
2015-10-30;"SPPO";3319582
2015-10-31;"SPPO";2396298
2015-11-01;"SPPO";1559180
2015-11-02;"SPPO";1502006
2015-11-03;"SPPO";3763046
2015-11-04;"SPPO";3867924
2015-11-05;"SPPO";3879058
2015-11-06;"SPPO";3827851
2015-11-07;"SPPO";2334264
2015-11-08;"SPPO";1461401
2015-11-09;"SPPO";3814042
2015-11-10;"SPPO";3892580
2015-11-11;"SPPO";3849262
2015-11-12;"SPPO";3826900
2015-11-13;"SPPO";3827519
2015-11-14;"SPPO";2444948
2015-11-15;"SPPO";1501561
2015-11-16;"SPPO";3716958
2015-11-17;"SPPO";3799797
2015-11-18;"SPPO";3697739
2015-11-19;"SPPO";3731074
2015-11-20;"SPPO";1802444
2015-11-21;"SPPO";1989885
2015-11-22;"SPPO";1468632
2015-11-23;"SPPO";3402451
2015-11-24;"SPPO";3616303
2015-11-25;"SPPO";3612315
2015-11-26;"SPPO";3602731
2015-11-27;"SPPO";3653718
2015-11-28;"SPPO";2375624
2015-11-29;"SPPO";1430404
2015-11-30;"SPPO";3390651
2015-12-01;"SPPO";3767015
2015-12-02;"SPPO";3769290
2015-12-03;"SPPO";3689494
2015-12-04;"SPPO";3780349
2015-12-05;"SPPO";2506612
2015-12-06;"SPPO";1586449
2015-12-07;"SPPO";3545419
2015-12-08;"SPPO";3723408
2015-12-09;"SPPO";3728791
2015-12-10;"SPPO";3715681
2015-12-11;"SPPO";3668171
2015-12-12;"SPPO";2448899
2015-12-13;"SPPO";1628056
2015-12-14;"SPPO";3570489
2015-12-15;"SPPO";3591371
2015-12-16;"SPPO";3555377
2015-12-17;"SPPO";3552510
2015-12-18;"SPPO";3591254
2015-12-19;"SPPO";2513058
2015-12-20;"SPPO";1753900
2015-12-21;"SPPO";3357522
2015-12-22;"SPPO";3375454
2015-12-23;"SPPO";3277928
2015-12-24;"SPPO";2034296
2015-12-25;"SPPO";1105621
2015-12-26;"SPPO";1934964
2015-12-27;"SPPO";1513129
2015-12-28;"SPPO";2952578
2015-12-29;"SPPO";2979064
2015-12-30;"SPPO";2922932
2015-12-31;"SPPO";2110356
2016-01-01;"SPPO";1140373
2016-01-02;"SPPO";1627204
2016-01-03;"SPPO";1283818
2016-01-04;"SPPO";3047613
2016-01-05;"SPPO";3199645
2016-01-06;"SPPO";3236697
2016-01-07;"SPPO";3261803
2016-01-08;"SPPO";3308326
2016-01-09;"SPPO";2268139
2016-01-10;"SPPO";1572957
2016-01-11;"SPPO";3209548
2016-01-12;"SPPO";3203413
2016-01-13;"SPPO";3226941
2016-01-14;"SPPO";3176695
2016-01-15;"SPPO";3126394
2016-01-16;"SPPO";2018598
2016-01-17;"SPPO";1450751
2016-01-18;"SPPO";3184912
2016-01-19;"SPPO";3026442
2016-01-20;"SPPO";1589575
2016-01-21;"SPPO";3121298
2016-01-22;"SPPO";3067639
2016-01-23;"SPPO";2146316
2016-01-24;"SPPO";1486306
2016-01-25;"SPPO";3184223
2016-01-26;"SPPO";3232925
2016-01-27;"SPPO";3236360
2016-01-28;"SPPO";3118323
2016-01-29;"SPPO";3270554
2016-01-30;"SPPO";2289607
2016-01-31;"SPPO";1650758
2016-02-01;"SPPO";3406811
2016-02-02;"SPPO";3536120
2016-02-03;"SPPO";3517359
2016-02-04;"SPPO";3498738
2016-02-05;"SPPO";3229903
2016-02-06;"SPPO";2069807
2016-02-07;"SPPO";1488135
2016-02-08;"SPPO";1675225
2016-02-09;"SPPO";1471938
2016-02-10;"SPPO";2012344
2016-02-11;"SPPO";3044861
2016-02-12;"SPPO";3181294
2016-02-13;"SPPO";2257447
2016-02-14;"SPPO";1556202
2016-02-15;"SPPO";3605168
2016-02-16;"SPPO";3636131
2016-02-17;"SPPO";3573336
2016-02-18;"SPPO";3577769
2016-02-19;"SPPO";3526988
2016-02-20;"SPPO";2242383
2016-02-21;"SPPO";1440527
2016-02-22;"SPPO";3558113
2016-02-23;"SPPO";3582781
2016-02-24;"SPPO";3589013
2016-02-25;"SPPO";3524629
2016-02-26;"SPPO";3562057
2016-02-27;"SPPO";2238618
2016-02-28;"SPPO";1515673
2016-02-29;"SPPO";3310112
2016-03-01;"SPPO";3456215
2016-03-02;"SPPO";3579195
2016-03-03;"SPPO";3625951
2016-03-04;"SPPO";3615943
2016-03-05;"SPPO";2317658
2016-03-06;"SPPO";1485181
2016-03-07;"SPPO";3618153
2016-03-08;"SPPO";3674759
2016-03-09;"SPPO";3588548
2016-03-10;"SPPO";3621936
2016-03-11;"SPPO";3521226
2016-03-12;"SPPO";2157527
2016-03-13;"SPPO";1356359
2016-03-14;"SPPO";3573599
2016-03-15;"SPPO";3595288
2016-03-16;"SPPO";3337183
2016-03-17;"SPPO";3511371
2016-03-18;"SPPO";3554719
2016-03-19;"SPPO";2291400
2016-03-20;"SPPO";1470548
2016-03-21;"SPPO";3516197
2016-03-22;"SPPO";3570329
2016-03-23;"SPPO";3515255
2016-03-24;"SPPO";3171356
2016-03-25;"SPPO";1456540
2016-03-26;"SPPO";1905823
2016-03-27;"SPPO";1396862
2016-03-28;"SPPO";3383945
2016-03-29;"SPPO";3384287
2016-03-30;"SPPO";3421384
2016-03-31;"SPPO";3357339
2016-04-01;"SPPO";3515431
2016-04-02;"SPPO";2323225
2016-04-03;"SPPO";1513184
2016-04-04;"SPPO";3636332
2016-04-05;"SPPO";3720357
2016-04-06;"SPPO";3709271
2016-04-07;"SPPO";3722654
2016-04-08;"SPPO";3682765
2016-04-09;"SPPO";2376771
2016-04-10;"SPPO";1558155
2016-04-11;"SPPO";3632246
2016-04-12;"SPPO";3677096
2016-04-13;"SPPO";3651551
2016-04-14;"SPPO";3644739
2016-04-15;"SPPO";3605675
2016-04-16;"SPPO";2307920
2016-04-17;"SPPO";1472153
2016-04-18;"SPPO";3518312
2016-04-19;"SPPO";3571490
2016-04-20;"SPPO";3584841
2016-04-21;"SPPO";1662012
2016-04-22;"SPPO";2746591
2016-04-23;"SPPO";1827060
2016-04-24;"SPPO";1422589
2016-04-25;"SPPO";3437501
2016-04-26;"SPPO";3498500
2016-04-27;"SPPO";3401892
2016-04-28;"SPPO";3449367
2016-04-29;"SPPO";3419384
2016-04-30;"SPPO";2186373
2016-05-01;"SPPO";959187
2016-05-02;"SPPO";2548455
2016-05-03;"SPPO";2598135
2016-05-04;"SPPO";2596465
2016-05-05;"SPPO";2605290
2016-05-06;"SPPO";2606764
2016-05-07;"SPPO";1708914
2016-05-08;"SPPO";1072020
2016-05-09;"SPPO";2609310
2016-05-10;"SPPO";2653884
2016-05-11;"SPPO";2643754
2016-05-12;"SPPO";2570448
2016-05-13;"SPPO";2520897
2016-05-14;"SPPO";1625432
2016-05-15;"SPPO";1086009
2016-05-16;"SPPO";2611782
2016-05-17;"SPPO";2578193
2016-05-18;"SPPO";2454555
2016-05-19;"SPPO";2502822
2016-05-20;"SPPO";2567739
2016-05-21;"SPPO";1607386
2016-05-22;"SPPO";1042586
2016-05-23;"SPPO";2430944
2016-05-24;"SPPO";2508969
2016-05-25;"SPPO";2565289
2016-05-26;"SPPO";1134746
2016-05-27;"SPPO";2020443
2016-05-28;"SPPO";1472424
2016-05-29;"SPPO";1003108
2016-05-30;"SPPO";2501771
2016-05-31;"SPPO";2557798
2016-06-01;"SPPO";3577362
2016-06-02;"SPPO";3494399
2016-06-03;"SPPO";3529739
2016-06-04;"SPPO";2232047
2016-06-05;"SPPO";1328020
2016-06-06;"SPPO";3536863
2016-06-07;"SPPO";3340541
2016-06-08;"SPPO";3505377
2016-06-09;"SPPO";3574574
2016-06-10;"SPPO";3544744
2016-06-11;"SPPO";2284591
2016-06-12;"SPPO";1435228
2016-06-13;"SPPO";3477128
2016-06-14;"SPPO";3510139
2016-06-15;"SPPO";3553423
2016-06-16;"SPPO";3509633
2016-06-17;"SPPO";3517853
2016-06-18;"SPPO";2199061
2016-06-19;"SPPO";1377583
2016-06-20;"SPPO";3394683
2016-06-21;"SPPO";3385313
2016-06-22;"SPPO";3468295
2016-06-23;"SPPO";3393715
2016-06-24;"SPPO";3356182
2016-06-25;"SPPO";2124974
2016-06-26;"SPPO";1386999
2016-06-27;"SPPO";3317882
2016-06-28;"SPPO";3388161
2016-06-29;"SPPO";3391223
2016-06-30;"SPPO";3409630
2016-07-01;"SPPO";3475384
2016-07-02;"SPPO";2228256
2016-07-03;"SPPO";1449856
2016-07-04;"SPPO";3445295
2016-07-05;"SPPO";3518434
2016-07-06;"SPPO";3520808
2016-07-07;"SPPO";3559214
2016-07-08;"SPPO";3526006
2016-07-09;"SPPO";2297555
2016-07-10;"SPPO";1477015
2016-07-11;"SPPO";3481521
2016-07-12;"SPPO";3557579
2016-07-13;"SPPO";3513565
2016-07-14;"SPPO";3498882
2016-07-15;"SPPO";3493416
2016-07-16;"SPPO";2268797
2016-07-17;"SPPO";1403768
2016-07-18;"SPPO";3404684
2016-07-19;"SPPO";3447733
2016-07-20;"SPPO";3412920
2016-07-21;"SPPO";3363643
2016-07-22;"SPPO";3372373
2016-07-23;"SPPO";2187761
2016-07-24;"SPPO";1442439
2016-07-25;"SPPO";3365408
2016-07-26;"SPPO";3436188
2016-07-27;"SPPO";3418776
2016-07-28;"SPPO";3348229
2016-07-29;"SPPO";3362936
2016-07-30;"SPPO";2239634
2016-07-31;"SPPO";1476767
2016-08-01;"SPPO";3242153
2016-08-02;"SPPO";3300202
2016-08-03;"SPPO";3343132
2016-08-04;"SPPO";2356659
2016-08-05;"SPPO";2030143
2016-08-06;"SPPO";2138833
2016-08-07;"SPPO";1531729
2016-08-08;"SPPO";3198180
2016-08-09;"SPPO";3218516
2016-08-10;"SPPO";3079495
2016-08-11;"SPPO";3157060
2016-08-12;"SPPO";3152338
2016-08-13;"SPPO";2342791
2016-08-14;"SPPO";1603936
2016-08-15;"SPPO";3110330
2016-08-16;"SPPO";3108865
2016-08-17;"SPPO";3183893
2016-08-18;"SPPO";2178272
2016-08-19;"SPPO";2899339
2016-08-20;"SPPO";2113917
2016-08-21;"SPPO";1244808
2016-08-22;"SPPO";1743563
2016-08-23;"SPPO";3273503
2016-08-24;"SPPO";3291487
2016-08-25;"SPPO";3308819
2016-08-26;"SPPO";3296625
2016-08-27;"SPPO";2212465
2016-08-28;"SPPO";1485575
2016-08-29;"SPPO";3374110
2016-08-30;"SPPO";3508166
2016-08-31;"SPPO";3488404
2016-09-01;"SPPO";3556800
2016-09-02;"SPPO";3577541
2016-09-03;"SPPO";2294952
2016-09-04;"SPPO";1536013
2016-09-05;"SPPO";3676218
2016-09-06;"SPPO";3728779
2016-09-07;"SPPO";1694761
2016-09-08;"SPPO";3605402
2016-09-09;"SPPO";3590409
2016-09-10;"SPPO";2355481
2016-09-11;"SPPO";1553154
2016-09-12;"SPPO";3584024
2016-09-13;"SPPO";3621563
2016-09-14;"SPPO";3543194
2016-09-15;"SPPO";3601482
2016-09-16;"SPPO";3518714
2016-09-17;"SPPO";2271119
2016-09-18;"SPPO";1500536
2016-09-19;"SPPO";3466955
2016-09-20;"SPPO";3367510
2016-09-21;"SPPO";3500139
2016-09-22;"SPPO";3504146
2016-09-23;"SPPO";3483844
2016-09-24;"SPPO";2194156
2016-09-25;"SPPO";1239242
2016-09-26;"SPPO";3352203
2016-09-27;"SPPO";3438323
2016-09-28;"SPPO";3476601
2016-09-29;"SPPO";3474436
2016-09-30;"SPPO";3319870
2016-10-01;"SPPO";2093171
2016-10-02;"SPPO";1881368
2016-10-03;"SPPO";3349016
2016-10-04;"SPPO";3349311
2016-10-05;"SPPO";3560224
2016-10-06;"SPPO";3558231
2016-10-07;"SPPO";3568248
2016-10-08;"SPPO";2356848
2016-10-09;"SPPO";1491053
2016-10-10;"SPPO";3587581
2016-10-11;"SPPO";3678420
2016-10-12;"SPPO";1753779
2016-10-13;"SPPO";3552368
2016-10-14;"SPPO";3489674
2016-10-15;"SPPO";2224497
2016-10-16;"SPPO";1517589
2016-10-17;"SPPO";2906700
2016-10-18;"SPPO";3600991
2016-10-19;"SPPO";3544700
2016-10-20;"SPPO";3542943
2016-10-21;"SPPO";3463046
2016-10-22;"SPPO";2165015
2016-10-23;"SPPO";1394393
2016-10-24;"SPPO";3449133
2016-10-25;"SPPO";3479460
2016-10-26;"SPPO";3502800
2016-10-27;"SPPO";3421790
2016-10-28;"SPPO";3044109
2016-10-29;"SPPO";2131252
2016-10-30;"SPPO";1867926
2016-10-31;"SPPO";3383803
2016-11-01;"SPPO";3575116
2016-11-02;"SPPO";1739258
2016-11-03;"SPPO";3518552
2016-11-04;"SPPO";3324274
2016-11-05;"SPPO";2046573
2016-11-06;"SPPO";1458725
2016-11-07;"SPPO";3563456
2016-11-08;"SPPO";3618890
2016-11-09;"SPPO";3623396
2016-11-10;"SPPO";3583211
2016-11-11;"SPPO";3497429
2016-11-12;"SPPO";2189982
2016-11-13;"SPPO";1179578
2016-11-14;"SPPO";2583690
2016-11-15;"SPPO";1501631
2016-11-16;"SPPO";3528497
2016-11-17;"SPPO";3522687
2016-11-18;"SPPO";3380547
2016-11-19;"SPPO";2142322
2016-11-20;"SPPO";1392955
2016-11-21;"SPPO";3459481
2016-11-22;"SPPO";3475780
2016-11-23;"SPPO";3466701
2016-11-24;"SPPO";3449091
2016-11-25;"SPPO";3457470
2016-11-26;"SPPO";2189950
2016-11-27;"SPPO";1449162
2016-11-28;"SPPO";3400317
2016-11-29;"SPPO";3381112
2016-11-30;"SPPO";3404464
2016-12-01;"SPPO";3526732
2016-12-02;"SPPO";3521161
2016-12-03;"SPPO";2281889
2016-12-04;"SPPO";1405529
2016-12-05;"SPPO";3435978
2016-12-06;"SPPO";3517686
2016-12-07;"SPPO";3552679
2016-12-08;"SPPO";3510609
2016-12-09;"SPPO";3448448
2016-12-10;"SPPO";2339966
2016-12-11;"SPPO";1531152
2016-12-12;"SPPO";3264266
2016-12-13;"SPPO";3316205
2016-12-14;"SPPO";3166102
2016-12-15;"SPPO";3252544
2016-12-16;"SPPO";3265554
2016-12-17;"SPPO";2211975
2016-12-18;"SPPO";1532128
2016-12-19;"SPPO";3237321
2016-12-20;"SPPO";3255117
2016-12-21;"SPPO";3221048
2016-12-22;"SPPO";3131990
2016-12-23;"SPPO";2906419
2016-12-24;"SPPO";1653274
2016-12-25;"SPPO";1062849
2016-12-26;"SPPO";2589109
2016-12-27;"SPPO";2755259
2016-12-28;"SPPO";2803160
2016-12-29;"SPPO";2782595
2016-12-30;"SPPO";2525645
2016-12-31;"SPPO";1813721
2017-01-01;"SPPO";1071443
2017-01-02;"SPPO";2513896
2017-01-03;"SPPO";2777674
2017-01-04;"SPPO";2896023
2017-01-05;"SPPO";2909886
2017-01-06;"SPPO";3018553
2017-01-07;"SPPO";2054730
2017-01-08;"SPPO";1423207
2017-01-09;"SPPO";3003192
2017-01-10;"SPPO";3038184
2017-01-11;"SPPO";2930971
2017-01-12;"SPPO";2896094
2017-01-13;"SPPO";2834030
2017-01-14;"SPPO";1991253
2017-01-15;"SPPO";1368470
2017-01-16;"SPPO";2931795
2017-01-17;"SPPO";2976833
2017-01-18;"SPPO";2995072
2017-01-19;"SPPO";2939556
2017-01-20;"SPPO";1524159
2017-01-21;"SPPO";1839957
2017-01-22;"SPPO";1291574
2017-01-23;"SPPO";2896440
2017-01-24;"SPPO";2913541
2017-01-25;"SPPO";2927555
2017-01-26;"SPPO";2903645
2017-01-27;"SPPO";2974057
2017-01-28;"SPPO";1974143
2017-01-29;"SPPO";1357413
2017-01-30;"SPPO";2943990
2017-01-31;"SPPO";3018289
2017-02-01;"SPPO";3150597
2017-02-02;"SPPO";3188553
2017-02-03;"SPPO";3205493
2017-02-04;"SPPO";2137266
2017-02-05;"SPPO";1408965
2017-02-06;"SPPO";3330566
2017-02-07;"SPPO";3369617
2017-02-08;"SPPO";3350568
2017-02-09;"SPPO";3321534
2017-02-10;"SPPO";3085270
2017-02-11;"SPPO";2072068
2017-02-12;"SPPO";1384958
2017-02-13;"SPPO";3299567
2017-02-14;"SPPO";3318628
2017-02-15;"SPPO";3346764
2017-02-16;"SPPO";3332422
2017-02-17;"SPPO";3297573
2017-02-18;"SPPO";2137381
2017-02-19;"SPPO";1435442
2017-02-20;"SPPO";3239005
2017-02-21;"SPPO";3291244
2017-02-22;"SPPO";3271667
2017-02-23;"SPPO";3154341
2017-02-24;"SPPO";2694767
2017-02-25;"SPPO";1695502
2017-02-26;"SPPO";1169450
2017-02-27;"SPPO";1349374
2017-02-28;"SPPO";1193408
2017-03-01;"SPPO";1734353
2017-03-02;"SPPO";2724951
2017-03-03;"SPPO";2824702
2017-03-04;"SPPO";1991685
2017-03-05;"SPPO";1373613
2017-03-06;"SPPO";3356360
2017-03-07;"SPPO";3400719
2017-03-08;"SPPO";3369524
2017-03-09;"SPPO";3417610
2017-03-10;"SPPO";3419716
2017-03-11;"SPPO";2169216
2017-03-12;"SPPO";1416926
2017-03-13;"SPPO";3386464
2017-03-14;"SPPO";3366547
2017-03-15;"SPPO";3144248
2017-03-16;"SPPO";3427371
2017-03-17;"SPPO";3384031
2017-03-18;"SPPO";2020096
2017-03-19;"SPPO";1242347
2017-03-20;"SPPO";3338322
2017-03-21;"SPPO";3397610
2017-03-22;"SPPO";3399883
2017-03-23;"SPPO";3366090
2017-03-24;"SPPO";3343206
2017-03-25;"SPPO";2076030
2017-03-26;"SPPO";1331138
2017-03-27;"SPPO";3299629
2017-03-28;"SPPO";3246020
2017-03-29;"SPPO";3266799
2017-03-30;"SPPO";3314683
2017-03-31;"SPPO";3291686
2017-04-01;"SPPO";2041850
2017-04-02;"SPPO";1291040
2017-04-03;"SPPO";3393942
2017-04-04;"SPPO";3453677
2017-04-05;"SPPO";3497522
2017-04-06;"SPPO";3468029
2017-04-07;"SPPO";3438329
2017-04-08;"SPPO";2126595
2017-04-09;"SPPO";1375774
2017-04-10;"SPPO";3471249
2017-04-11;"SPPO";3466134
2017-04-12;"SPPO";3376285
2017-04-13;"SPPO";2930164
2017-04-14;"SPPO";1388692
2017-04-15;"SPPO";1938124
2017-04-16;"SPPO";1326503
2017-04-17;"SPPO";3296022
2017-04-18;"SPPO";3354619
2017-04-19;"SPPO";3388908
2017-04-20;"SPPO";3375977
2017-04-21;"SPPO";1505558
2017-04-22;"SPPO";1798620
2017-04-23;"SPPO";1128321
2017-04-24;"SPPO";3258235
2017-04-25;"SPPO";3339763
2017-04-26;"SPPO";3292606
2017-04-27;"SPPO";3250061
2017-04-28;"SPPO";2111137
2017-04-29;"SPPO";1948723
2017-04-30;"SPPO";1266894
2017-05-01;"SPPO";1319801
2017-05-02;"SPPO";3327311
2017-05-03;"SPPO";3409984
2017-05-04;"SPPO";3419499
2017-05-05;"SPPO";3412589
2017-05-06;"SPPO";2131262
2017-05-07;"SPPO";1322935
2017-05-08;"SPPO";3434954
2017-05-09;"SPPO";3488701
2017-05-10;"SPPO";3412610
2017-05-11;"SPPO";3378012
2017-05-12;"SPPO";3421432
2017-05-13;"SPPO";2197098
2017-05-14;"SPPO";1386079
2017-05-15;"SPPO";3330346
2017-05-16;"SPPO";3395982
2017-05-17;"SPPO";3365374
2017-05-18;"SPPO";3317430
2017-05-19;"SPPO";2960231
2017-05-20;"SPPO";2010270
2017-05-21;"SPPO";1246447
2017-05-22;"SPPO";3190051
2017-05-23;"SPPO";3316770
2017-05-24;"SPPO";3242587
2017-05-25;"SPPO";2956292
2017-05-26;"SPPO";3099736
2017-05-27;"SPPO";1995858
2017-05-28;"SPPO";1116501
2017-05-29;"SPPO";3241708
2017-05-30;"SPPO";3302230
2017-05-31;"SPPO";3333793
2017-06-01;"SPPO";3392891
2017-06-02;"SPPO";3365983
2017-06-03;"SPPO";2094855
2017-06-04;"SPPO";1325215
2017-06-05;"SPPO";3370807
2017-06-06;"SPPO";3432934
2017-06-07;"SPPO";3463721
2017-06-08;"SPPO";3440782
2017-06-09;"SPPO";3362858
2017-06-10;"SPPO";2123019
2017-06-11;"SPPO";1333797
2017-06-12;"SPPO";3376643
2017-06-13;"SPPO";3355315
2017-06-14;"SPPO";3324776
2017-06-15;"SPPO";1414224
2017-06-16;"SPPO";2680088
2017-06-17;"SPPO";1951501
2017-06-18;"SPPO";1310153
2017-06-19;"SPPO";3274908
2017-06-20;"SPPO";3219184
2017-06-21;"SPPO";2965557
2017-06-22;"SPPO";3271830
2017-06-23;"SPPO";3193227
2017-06-24;"SPPO";1975558
2017-06-25;"SPPO";1241686
2017-06-26;"SPPO";3175394
2017-06-27;"SPPO";3222821
2017-06-28;"SPPO";3234271
2017-06-29;"SPPO";3232497
2017-06-30;"SPPO";2967934
2017-07-01;"SPPO";1994555
2017-07-02;"SPPO";1128410
2017-07-03;"SPPO";3140362
2017-07-04;"SPPO";3250307
2017-07-05;"SPPO";3276008
2017-07-06;"SPPO";3298302
2017-07-07;"SPPO";3265250
2017-07-08;"SPPO";2115400
2017-07-09;"SPPO";1322097
2017-07-10;"SPPO";3170995
2017-07-11;"SPPO";3170247
2017-07-12;"SPPO";3144364
2017-07-13;"SPPO";3094169
2017-07-14;"SPPO";3065307
2017-07-15;"SPPO";2025357
2017-07-16;"SPPO";1326261
2017-07-17;"SPPO";2864797
2017-07-18;"SPPO";2743331
2017-07-19;"SPPO";2692836
2017-07-20;"SPPO";2877343
2017-07-21;"SPPO";2855540
2017-07-22;"SPPO";1894377
2017-07-23;"SPPO";1263423
2017-07-24;"SPPO";2778035
2017-07-25;"SPPO";2853685
2017-07-26;"SPPO";2877141
2017-07-27;"SPPO";2849239
2017-07-28;"SPPO";2847864
2017-07-29;"SPPO";1900979
2017-07-30;"SPPO";1300038
2017-07-31;"SPPO";2945797
2017-08-01;"SPPO";3191502
2017-08-02;"SPPO";3266639
2017-08-03;"SPPO";3226972
2017-08-04;"SPPO";3112466
2017-08-05;"SPPO";1972484
2017-08-06;"SPPO";1281987
2017-08-07;"SPPO";3280153
2017-08-08;"SPPO";3318068
2017-08-09;"SPPO";3322977
2017-08-10;"SPPO";3275352
2017-08-11;"SPPO";3191298
2017-08-12;"SPPO";2040518
2017-08-13;"SPPO";1326234
2017-08-14;"SPPO";3195737
2017-08-15;"SPPO";3242046
2017-08-16;"SPPO";3148005
2017-08-17;"SPPO";3133858
2017-08-18;"SPPO";3101594
2017-08-19;"SPPO";1909962
2017-08-20;"SPPO";1185402
2017-08-21;"SPPO";2875171
2017-08-22;"SPPO";3150196
2017-08-23;"SPPO";3206208
2017-08-24;"SPPO";3221347
2017-08-25;"SPPO";3187653
2017-08-26;"SPPO";1953039
2017-08-27;"SPPO";1259930
2017-08-28;"SPPO";3189161
2017-08-29;"SPPO";3236381
2017-08-30;"SPPO";3182478
2017-08-31;"SPPO";3206378
2017-09-01;"SPPO";3322419
2017-09-02;"SPPO";2088026
2017-09-03;"SPPO";1341245
2017-09-04;"SPPO";3377173
2017-09-05;"SPPO";3462882
2017-09-06;"SPPO";3475340
2017-09-07;"SPPO";1520611
2017-09-08;"SPPO";2770970
2017-09-09;"SPPO";2023372
2017-09-10;"SPPO";1422909
2017-09-11;"SPPO";3373372
2017-09-12;"SPPO";3409798
2017-09-13;"SPPO";3403508
2017-09-14;"SPPO";3369709
2017-09-15;"SPPO";3349059
2017-09-16;"SPPO";2075943
2017-09-17;"SPPO";1390334
2017-09-18;"SPPO";3271679
2017-09-19;"SPPO";3330756
2017-09-20;"SPPO";3354887
2017-09-21;"SPPO";3312505
2017-09-22;"SPPO";3190544
2017-09-23;"SPPO";1977417
2017-09-24;"SPPO";1269138
2017-09-25;"SPPO";3195555
2017-09-26;"SPPO";3275864
2017-09-27;"SPPO";3235599
2017-09-28;"SPPO";3237534
2017-09-29;"SPPO";3243618
2017-09-30;"SPPO";1842182
2017-10-01;"SPPO";1334970
2017-10-02;"SPPO";3226941
2017-10-03;"SPPO";3081299
2017-10-04;"SPPO";3316422
2017-10-05;"SPPO";3373936
2017-10-06;"SPPO";3321711
2017-10-07;"SPPO";2117911
2017-10-08;"SPPO";1324846
2017-10-09;"SPPO";3338472
2017-10-10;"SPPO";3414885
2017-10-11;"SPPO";3385321
2017-10-12;"SPPO";1549360
2017-10-13;"SPPO";2614844
2017-10-14;"SPPO";1951792
2017-10-15;"SPPO";1157233
2017-10-16;"SPPO";2551938
2017-10-17;"SPPO";3361520
2017-10-18;"SPPO";3268045
2017-10-19;"SPPO";3321066
2017-10-20;"SPPO";3269534
2017-10-21;"SPPO";2013928
2017-10-22;"SPPO";1242569
2017-10-23;"SPPO";2910896
2017-10-24;"SPPO";3223770
2017-10-25;"SPPO";3273515
2017-10-26;"SPPO";3184025
2017-10-27;"SPPO";3141927
2017-10-28;"SPPO";1938280
2017-10-29;"SPPO";1247969
2017-10-30;"SPPO";3230552
2017-10-31;"SPPO";3249516
2017-11-01;"SPPO";3405168
2017-11-02;"SPPO";1454438
2017-11-03;"SPPO";2758039
2017-11-04;"SPPO";1981457
2017-11-05;"SPPO";1314998
2017-11-06;"SPPO";3327539
2017-11-07;"SPPO";3457698
2017-11-08;"SPPO";3434628
2017-11-09;"SPPO";3420071
2017-11-10;"SPPO";3339728
2017-11-11;"SPPO";1889256
2017-11-12;"SPPO";1379758
2017-11-13;"SPPO";3350949
2017-11-14;"SPPO";3429468
2017-11-15;"SPPO";1551960
2017-11-16;"SPPO";3348134
2017-11-17;"SPPO";3310653
2017-11-18;"SPPO";2037312
2017-11-19;"SPPO";1284319
2017-11-20;"SPPO";1240590
2017-11-21;"SPPO";3317934
2017-11-22;"SPPO";3249421
2017-11-23;"SPPO";3274617
2017-11-24;"SPPO";3361933
2017-11-25;"SPPO";2098542
2017-11-26;"SPPO";1305511
2017-11-27;"SPPO";3155706
2017-11-28;"SPPO";3148840
2017-11-29;"SPPO";3246659
2017-11-30;"SPPO";3257054
2017-12-01;"SPPO";3294288
2017-12-02;"SPPO";2124378
2017-12-03;"SPPO";1371872
2017-12-04;"SPPO";3283024
2017-12-05;"SPPO";3327572
2017-12-06;"SPPO";3351356
2017-12-07;"SPPO";3340700
2017-12-08;"SPPO";3194451
2017-12-09;"SPPO";2176710
2017-12-10;"SPPO";1418500
2017-12-11;"SPPO";3223991
2017-12-12;"SPPO";3150070
2017-12-13;"SPPO";3189471
2017-12-14;"SPPO";3193433
2017-12-15;"SPPO";3160581
2017-12-16;"SPPO";2180787
2017-12-17;"SPPO";1490990
2017-12-18;"SPPO";3059767
2017-12-19;"SPPO";3095087
2017-12-20;"SPPO";3099071
2017-12-21;"SPPO";2978273
2017-12-22;"SPPO";2906267
2017-12-23;"SPPO";2039551
2017-12-24;"SPPO";1235908
2017-12-25;"SPPO";957525
2017-12-26;"SPPO";2448867
2017-12-27;"SPPO";2655016
2017-12-28;"SPPO";2612475
2017-12-29;"SPPO";2411513
2017-12-30;"SPPO";1740739
2017-12-31;"SPPO";1269517
2018-01-01;"SPPO";1062937
2018-01-02;"SPPO";2453669
2018-01-03;"SPPO";2672974
2018-01-04;"SPPO";2643429
2018-01-05;"SPPO";2797481
2018-01-06;"SPPO";1917320
2018-01-07;"SPPO";1153915
2018-01-08;"SPPO";2693077
2018-01-09;"SPPO";2919709
2018-01-10;"SPPO";2960924
2018-01-11;"SPPO";2916200
2018-01-12;"SPPO";2833469
2018-01-13;"SPPO";1910484
2018-01-14;"SPPO";1285403
2018-01-15;"SPPO";2842425
2018-01-16;"SPPO";2901186
2018-01-17;"SPPO";2913161
2018-01-18;"SPPO";2884688
2018-01-19;"SPPO";2881204
2018-01-20;"SPPO";1706192
2018-01-21;"SPPO";1280079
2018-01-22;"SPPO";2829141
2018-01-23;"SPPO";2869722
2018-01-24;"SPPO";2850930
2018-01-25;"SPPO";2838606
2018-01-26;"SPPO";2773819
2018-01-27;"SPPO";1805575
2018-01-28;"SPPO";1288756
2018-01-29;"SPPO";2820290
2018-01-30;"SPPO";2635853
2018-01-31;"SPPO";2506570
2018-02-01;"SPPO";3015904
2018-02-02;"SPPO";3046385
2018-02-03;"SPPO";2094313
2018-02-04;"SPPO";1442145
2018-02-05;"SPPO";2991072
2018-02-06;"SPPO";3130093
2018-02-07;"SPPO";3152684
2018-02-08;"SPPO";3135457
2018-02-09;"SPPO";2768047
2018-02-10;"SPPO";1779565
2018-02-11;"SPPO";1261078
2018-02-12;"SPPO";1381813
2018-02-13;"SPPO";1146958
2018-02-14;"SPPO";1609907
2018-02-15;"SPPO";2429740
2018-02-16;"SPPO";2657494
2018-02-17;"SPPO";1863446
2018-02-18;"SPPO";1231624
2018-02-19;"SPPO";3141634
2018-02-20;"SPPO";3202430
2018-02-21;"SPPO";3118484
2018-02-22;"SPPO";3098189
2018-02-23;"SPPO";2932404
2018-02-24;"SPPO";1891725
2018-02-25;"SPPO";1233506
2018-02-26;"SPPO";3114339
2018-02-27;"SPPO";3109700
2018-02-28;"SPPO";3029341
2018-03-01;"SPPO";3214586
2018-03-02;"SPPO";3191436
2018-03-03;"SPPO";1998619
2018-03-04;"SPPO";1282728
2018-03-05;"SPPO";3244626
2018-03-06;"SPPO";3309129
2018-03-07;"SPPO";3318577
2018-03-08;"SPPO";3071942
2018-03-09;"SPPO";3213873
2018-03-10;"SPPO";2012065
2018-03-11;"SPPO";1304959
2018-03-12;"SPPO";3272983
2018-03-13;"SPPO";3258449
2018-03-14;"SPPO";3283235
2018-03-15;"SPPO";3239595
2018-03-16;"SPPO";3195725
2018-03-17;"SPPO";1963056
2018-03-18;"SPPO";1307799
2018-03-19;"SPPO";3206353
2018-03-20;"SPPO";3258629
2018-03-21;"SPPO";3229676
2018-03-22;"SPPO";2991696
2018-03-23;"SPPO";3193482
2018-03-24;"SPPO";1974951
2018-03-25;"SPPO";1311711
2018-03-26;"SPPO";3197381
2018-03-27;"SPPO";3220810
2018-03-28;"SPPO";3256466
2018-03-29;"SPPO";2906673
2018-03-30;"SPPO";1363141
2018-03-31;"SPPO";1792419
2018-04-01;"SPPO";1271121
2018-04-02;"SPPO";3104933
2018-04-03;"SPPO";3166737
2018-04-04;"SPPO";3196453
2018-04-05;"SPPO";3256277
2018-04-06;"SPPO";3212337
2018-04-07;"SPPO";1998099
2018-04-08;"SPPO";1289064
2018-04-09;"SPPO";3189135
2018-04-10;"SPPO";3257184
2018-04-11;"SPPO";3205523
2018-04-12;"SPPO";3210022
2018-04-13;"SPPO";3196214
2018-04-14;"SPPO";1948376
2018-04-15;"SPPO";1159361
2018-04-16;"SPPO";3121000
2018-04-17;"SPPO";3214009
2018-04-18;"SPPO";3225789
2018-04-19;"SPPO";3192216
2018-04-20;"SPPO";3140456
2018-04-21;"SPPO";1538364
2018-04-22;"SPPO";1211115
2018-04-23;"SPPO";1338870
2018-04-24;"SPPO";3170342
2018-04-25;"SPPO";3204981
2018-04-26;"SPPO";3181036
2018-04-27;"SPPO";3144303
2018-04-28;"SPPO";1913777
2018-04-29;"SPPO";1226895
2018-04-30;"SPPO";2513862
2018-05-01;"SPPO";1340590
2018-05-02;"SPPO";3159030
2018-05-03;"SPPO";3165769
2018-05-04;"SPPO";3164386
2018-05-05;"SPPO";2009110
2018-05-06;"SPPO";1275912
2018-05-07;"SPPO";3220416
2018-05-08;"SPPO";3221100
2018-05-09;"SPPO";3272033
2018-05-10;"SPPO";3270077
2018-05-11;"SPPO";3220350
2018-05-12;"SPPO";2028661
2018-05-13;"SPPO";1261978
2018-05-14;"SPPO";3110022
2018-05-15;"SPPO";3252178
2018-05-16;"SPPO";3231372
2018-05-17;"SPPO";3158068
2018-05-18;"SPPO";3168467
2018-05-19;"SPPO";1819743
2018-05-20;"SPPO";1201534
2018-05-21;"SPPO";3169450
2018-05-22;"SPPO";3234596
2018-05-23;"SPPO";3153490
2018-05-24;"SPPO";2875168
2018-05-25;"SPPO";2579593
2018-05-26;"SPPO";1164119
2018-05-27;"SPPO";481132
2018-05-28;"SPPO";2096209
2018-05-29;"SPPO";2812607
2018-05-30;"SPPO";3055099
2018-05-31;"SPPO";1348204
2018-06-01;"SPPO";2537903
2018-06-02;"SPPO";1850138
2018-06-03;"SPPO";1076337
2018-06-04;"SPPO";3097887
2018-06-05;"SPPO";3210023
2018-06-06;"SPPO";3262105
2018-06-07;"SPPO";3181150
2018-06-08;"SPPO";3184543
2018-06-09;"SPPO";1976473
2018-06-10;"SPPO";1253178
2018-06-11;"SPPO";2171490
2018-06-12;"SPPO";3157015
2018-06-13;"SPPO";3181585
2018-06-14;"SPPO";2983465
2018-06-15;"SPPO";2991843
2018-06-16;"SPPO";1819041
2018-06-17;"SPPO";1059240
2018-06-18;"SPPO";2978004
2018-06-19;"SPPO";3219254
2018-06-20;"SPPO";3175886
2018-06-21;"SPPO";3163328
2018-06-22;"SPPO";2203875
2018-06-23;"SPPO";1858653
2018-06-24;"SPPO";1161285
2018-06-25;"SPPO";3087765
2018-06-26;"SPPO";3137238
2018-06-27;"SPPO";2400205
2018-06-28;"SPPO";3089867
2018-06-29;"SPPO";3151009
2018-06-30;"SPPO";1899171
2018-07-01;"SPPO";1179337
2018-07-02;"SPPO";2056528
2018-07-03;"SPPO";3131311
2018-07-04;"SPPO";3145925
2018-07-05;"SPPO";3215938
2018-07-06;"SPPO";2432039
2018-07-07;"SPPO";1916634
2018-07-08;"SPPO";1247228
2018-07-09;"SPPO";3035030
2018-07-10;"SPPO";2817137
2018-07-11;"SPPO";2910966
2018-07-12;"SPPO";2935401
2018-07-13;"SPPO";2904783
2018-07-14;"SPPO";1897964
2018-07-15;"SPPO";1158315
2018-07-16;"SPPO";2766152
2018-07-17;"SPPO";2813328
2018-07-18;"SPPO";2823057
2018-07-19;"SPPO";2801458
2018-07-20;"SPPO";2782315
2018-07-21;"SPPO";1896965
2018-07-22;"SPPO";1161841
2018-07-23;"SPPO";2668985
2018-07-24;"SPPO";2730449
2018-07-25;"SPPO";2731316
2018-07-26;"SPPO";2749998
2018-07-27;"SPPO";2739682
2018-07-28;"SPPO";1841641
2018-07-29;"SPPO";1229172
2018-07-30;"SPPO";2792160
2018-07-31;"SPPO";2789688
2018-08-01;"SPPO";2945964
2018-08-02;"SPPO";2961216
2018-08-03;"SPPO";2963986
2018-08-04;"SPPO";1903568
2018-08-05;"SPPO";1221653
2018-08-06;"SPPO";2901910
2018-08-07;"SPPO";3042734
2018-08-08;"SPPO";3200126
2018-08-09;"SPPO";3179843
2018-08-10;"SPPO";3118643
2018-08-11;"SPPO";1993641
2018-08-12;"SPPO";1220188
2018-08-13;"SPPO";3066924
2018-08-14;"SPPO";3200815
2018-08-15;"SPPO";3198109
2018-08-16;"SPPO";3154054
2018-08-17;"SPPO";3106509
2018-08-18;"SPPO";1923338
2018-08-19;"SPPO";1218538
2018-08-20;"SPPO";3092978
2018-08-21;"SPPO";3167098
2018-08-22;"SPPO";3141928
2018-08-23;"SPPO";3130315
2018-08-24;"SPPO";3090036
2018-08-25;"SPPO";1827547
2018-08-26;"SPPO";1027842
2018-08-27;"SPPO";2917099
2018-08-28;"SPPO";3094256
2018-08-29;"SPPO";3111907
2018-08-30;"SPPO";3119406
2018-08-31;"SPPO";3107505
2018-09-01;"SPPO";1973984
2018-09-02;"SPPO";1264361
2018-09-03;"SPPO";3114556
2018-09-04;"SPPO";3160623
2018-09-05;"SPPO";3230021
2018-09-06;"SPPO";3210590
2018-09-07;"SPPO";1414632
2018-09-08;"SPPO";1855653
2018-09-09;"SPPO";1247998
2018-09-10;"SPPO";3180661
2018-09-11;"SPPO";3207970
2018-09-12;"SPPO";3167895
2018-09-13;"SPPO";3184683
2018-09-14;"SPPO";3082375
2018-09-15;"SPPO";1899311
2018-09-16;"SPPO";1189260
2018-09-17;"SPPO";3049218
2018-09-18;"SPPO";3116959
2018-09-19;"SPPO";3143716
2018-09-20;"SPPO";3142774
2018-09-21;"SPPO";3036031
2018-09-22;"SPPO";1904160
2018-09-23;"SPPO";1235729
2018-09-24;"SPPO";3041437
2018-09-25;"SPPO";3129676
2018-09-26;"SPPO";3118954
2018-09-27;"SPPO";2948863
2018-09-28;"SPPO";2993425
2018-09-29;"SPPO";1837646
2018-09-30;"SPPO";1197457
2018-10-01;"SPPO";3067542
2018-10-02;"SPPO";3159663
2018-10-03;"SPPO";3129659
2018-10-04;"SPPO";3115440
2018-10-05;"SPPO";3029707
2018-10-06;"SPPO";1861049
2018-10-07;"SPPO";1627629
2018-10-08;"SPPO";2994116
2018-10-09;"SPPO";3096019
2018-10-10;"SPPO";3186267
2018-10-11;"SPPO";3095235
2018-10-12;"SPPO";1352544
2018-10-13;"SPPO";1749373
2018-10-14;"SPPO";1095494
2018-10-15;"SPPO";1944805
2018-10-16;"SPPO";3167775
2018-10-17;"SPPO";3150034
2018-10-18;"SPPO";3141386
2018-10-19;"SPPO";3029160
2018-10-20;"SPPO";1910492
2018-10-21;"SPPO";1186216
2018-10-22;"SPPO";3046336
2018-10-23;"SPPO";3111601
2018-10-24;"SPPO";3061527
2018-10-25;"SPPO";2956093
2018-10-26;"SPPO";2969960
2018-10-27;"SPPO";1805715
2018-10-28;"SPPO";1555082
2018-10-29;"SPPO";2880319
2018-10-30;"SPPO";3085310
2018-10-31;"SPPO";3070969
2018-11-01;"SPPO";3155828
2018-11-02;"SPPO";1346299
2018-11-03;"SPPO";1809104
2018-11-04;"SPPO";1159976
2018-11-05;"SPPO";3053885
2018-11-06;"SPPO";3189840
2018-11-07;"SPPO";3177215
2018-11-08;"SPPO";2875369
2018-11-09;"SPPO";3123115
2018-11-10;"SPPO";1960800
2018-11-11;"SPPO";1279313
2018-11-12;"SPPO";3169671
2018-11-13;"SPPO";3231854
2018-11-14;"SPPO";3239780
2018-11-15;"SPPO";1439538
2018-11-16;"SPPO";2492108
2018-11-17;"SPPO";1823869
2018-11-18;"SPPO";1243524
2018-11-19;"SPPO";2373461
2018-11-20;"SPPO";1196068
2018-11-21;"SPPO";3141130
2018-11-22;"SPPO";3176218
2018-11-23;"SPPO";3144518
2018-11-24;"SPPO";1893901
2018-11-25;"SPPO";1166429
2018-11-26;"SPPO";2774791
2018-11-27;"SPPO";3113579
2018-11-28;"SPPO";3100714
2018-11-29;"SPPO";3085621
2018-11-30;"SPPO";3052390
2018-12-01;"SPPO";1979488
2018-12-02;"SPPO";1227604
2018-12-03;"SPPO";3072346
2018-12-04;"SPPO";3160475
2018-12-05;"SPPO";3136485
2018-12-06;"SPPO";3132781
2018-12-07;"SPPO";3037120
2018-12-08;"SPPO";1929403
2018-12-09;"SPPO";1311200
2018-12-10;"SPPO";3100747
2018-12-11;"SPPO";3064453
2018-12-12;"SPPO";3047234
2018-12-13;"SPPO";2988893
2018-12-14;"SPPO";2982044
2018-12-15;"SPPO";2128284
2018-12-16;"SPPO";1419461
2018-12-17;"SPPO";2922562
2018-12-18;"SPPO";2910898
2018-12-19;"SPPO";2882723
2018-12-20;"SPPO";2892698
2018-12-21;"SPPO";2827663
2018-12-22;"SPPO";2031566
2018-12-23;"SPPO";1404347
2018-12-24;"SPPO";1545078
2018-12-25;"SPPO";803440
2018-12-26;"SPPO";2312739
2018-12-27;"SPPO";2462213
2018-12-28;"SPPO";2473672
2018-12-29;"SPPO";1831282
2018-12-30;"SPPO";1294463
2018-12-31;"SPPO";1660773
2019-01-01;"SPPO";909318
2019-01-02;"SPPO";2274059
2019-01-03;"SPPO";2490085
2019-01-04;"SPPO";2544713
2019-01-05;"SPPO";1713970
2019-01-06;"SPPO";1195480
2019-01-07;"SPPO";2695775
2019-01-08;"SPPO";2744889
2019-01-09;"SPPO";2709077
2019-01-10;"SPPO";2708532
2019-01-11;"SPPO";2683917
2019-01-12;"SPPO";1821764
2019-01-13;"SPPO";1238930
2019-01-14;"SPPO";2633886
2019-01-15;"SPPO";2690985
2019-01-16;"SPPO";2655327
2019-01-17;"SPPO";2664464
2019-01-18;"SPPO";2641806
2019-01-19;"SPPO";1779985
2019-01-20;"SPPO";1190903
2019-01-21;"SPPO";2591238
2019-01-22;"SPPO";2618801
2019-01-23;"SPPO";2639591
2019-01-24;"SPPO";2621117
2019-01-25;"SPPO";2497392
2019-01-26;"SPPO";1715593
2019-01-27;"SPPO";1166131
2019-01-28;"SPPO";2565423
2019-01-29;"SPPO";2638756
2019-01-30;"SPPO";2649714
2019-01-31;"SPPO";2661856
2019-02-01;"SPPO";2751431
2019-02-02;"SPPO";1817713
2019-02-03;"SPPO";1182301
2019-02-04;"SPPO";2662793
2019-02-05;"SPPO";2700533
2019-02-06;"SPPO";2882201
2019-02-07;"SPPO";2688509
2019-02-08;"SPPO";2868169
2019-02-09;"SPPO";1875248
2019-02-10;"SPPO";1190713
2019-02-11;"SPPO";2947293
2019-02-12;"SPPO";2922450
2019-02-13;"SPPO";2270077
2019-02-14;"SPPO";2907875
2019-02-15;"SPPO";2891502
2019-02-16;"SPPO";1729301
2019-02-17;"SPPO";1098307
2019-02-18;"SPPO";2840219
2019-02-19;"SPPO";2966428
2019-02-20;"SPPO";2977288
2019-02-21;"SPPO";2929122
2019-02-22;"SPPO";2918473
2019-02-23;"SPPO";1854910
2019-02-24;"SPPO";1181423
2019-02-25;"SPPO";2800801
2019-02-26;"SPPO";2884195
2019-02-27;"SPPO";2922823
2019-02-28;"SPPO";2855074
2019-03-01;"SPPO";2429273
2019-03-02;"SPPO";1398673
2019-03-03;"SPPO";973367
2019-03-04;"SPPO";1138873
2019-03-05;"SPPO";1001329
2019-03-06;"SPPO";1481335
2019-03-07;"SPPO";2503304
2019-03-08;"SPPO";2572894
2019-03-09;"SPPO";1722518
2019-03-10;"SPPO";1109940
2019-03-11;"SPPO";2878250
2019-03-12;"SPPO";3035636
2019-03-13;"SPPO";2958150
2019-03-14;"SPPO";2989371
2019-03-15;"SPPO";2904943
2019-03-16;"SPPO";1745642
2019-03-17;"SPPO";1127347
2019-03-18;"SPPO";2937014
2019-03-19;"SPPO";3001262
2019-03-20;"SPPO";2914288
2019-03-21;"SPPO";2770219
2019-03-22;"SPPO";2832730
2019-03-23;"SPPO";1751142
2019-03-24;"SPPO";1089922
2019-03-25;"SPPO";2895108
2019-03-26;"SPPO";2973493
2019-03-27;"SPPO";2845035
2019-03-28;"SPPO";2856314
2019-03-29;"SPPO";2798880
2019-03-30;"SPPO";1765963
2019-03-31;"SPPO";1096532
2019-04-01;"SPPO";2967900
2019-04-02;"SPPO";3055926
2019-04-03;"SPPO";3022716
2019-04-04;"SPPO";3044629
2019-04-05;"SPPO";3048464
2019-04-06;"SPPO";1866842
2019-04-07;"SPPO";1147644
2019-04-08;"SPPO";2874492
2019-04-09;"SPPO";1662476
2019-04-10;"SPPO";2708202
2019-04-11;"SPPO";2987619
2019-04-12;"SPPO";2962909
2019-04-13;"SPPO";1825538
2019-04-14;"SPPO";1054570
2019-04-15;"SPPO";2960039
2019-04-16;"SPPO";3041962
2019-04-17;"SPPO";3032878
2019-04-18;"SPPO";2782425
2019-04-19;"SPPO";1170167
2019-04-20;"SPPO";1605883
2019-04-21;"SPPO";1062644
2019-04-22;"SPPO";2229358
2019-04-23;"SPPO";1236248
2019-04-24;"SPPO";2922436
2019-04-25;"SPPO";2958566
2019-04-26;"SPPO";2890200
2019-04-27;"SPPO";1758735
2019-04-28;"SPPO";1085015
2019-04-29;"SPPO";2772793
2019-04-30;"SPPO";2818892
2019-05-01;"SPPO";1187779
2019-05-02;"SPPO";2976842
2019-05-03;"SPPO";2938175
2019-05-04;"SPPO";1816345
2019-05-05;"SPPO";1122491
2019-05-06;"SPPO";2975488
2019-05-07;"SPPO";2973359
2019-05-08;"SPPO";3004674
2019-05-09;"SPPO";3017133
2019-05-10;"SPPO";2975754
2019-05-11;"SPPO";1843339
2019-05-12;"SPPO";1134804
2019-05-13;"SPPO";2655926
2019-05-14;"SPPO";2743841
2019-05-15;"SPPO";2628608
2019-05-16;"SPPO";2891372
2019-05-17;"SPPO";2599632
2019-05-18;"SPPO";1599665
2019-05-19;"SPPO";1072329
2019-05-20;"SPPO";2907697
2019-05-21;"SPPO";2965227
2019-05-22;"SPPO";2961703
2019-05-23;"SPPO";2934586
2019-05-24;"SPPO";2875647
2019-05-25;"SPPO";1708398
2019-05-26;"SPPO";1051025
2019-05-27;"SPPO";2851425
2019-05-28;"SPPO";2912568
2019-05-29;"SPPO";2908261
2019-05-30;"SPPO";2835519
2019-05-31;"SPPO";2838781
2019-06-01;"SPPO";1749985
2019-06-02;"SPPO";991530
2019-06-03;"SPPO";2788908
2019-06-04;"SPPO";2828945
2019-06-05;"SPPO";2909283
2019-06-06;"SPPO";2998452
2019-06-07;"SPPO";2983885
2019-06-08;"SPPO";1822662
2019-06-09;"SPPO";1109223
2019-06-10;"SPPO";2947407
2019-06-11;"SPPO";3009462
2019-06-12;"SPPO";2977698
2019-06-13;"SPPO";2956528
2019-06-14;"SPPO";2599975
2019-06-15;"SPPO";1780189
2019-06-16;"SPPO";1133422
2019-06-17;"SPPO";2893254
2019-06-18;"SPPO";3005513
2019-06-19;"SPPO";2962918
2019-06-20;"SPPO";1208118
2019-06-21;"SPPO";2242293
2019-06-22;"SPPO";1617526
2019-06-23;"SPPO";1038983
2019-06-24;"SPPO";2826274
2019-06-25;"SPPO";2868205
2019-06-26;"SPPO";2894772
2019-06-27;"SPPO";2836724
2019-06-28;"SPPO";2809888
2019-06-29;"SPPO";1708199
2019-06-30;"SPPO";1057841
2019-07-01;"SPPO";2840110
2019-07-02;"SPPO";2908502
2019-07-03;"SPPO";2930107
2019-07-04;"SPPO";2848103
2019-07-05;"SPPO";2689697
2019-07-06;"SPPO";1718361
2019-07-07;"SPPO";1020344
2019-07-08;"SPPO";2751232
2019-07-09;"SPPO";2810385
2019-07-10;"SPPO";2800895
2019-07-11;"SPPO";2763359
2019-07-12;"SPPO";2704755
2019-07-13;"SPPO";1732375
2019-07-14;"SPPO";1074513
2019-07-15;"SPPO";2560326
2019-07-16;"SPPO";2497728
2019-07-17;"SPPO";2506696
2019-07-18;"SPPO";2533690
2019-07-19;"SPPO";2526597
2019-07-20;"SPPO";1647296
2019-07-21;"SPPO";1036487
2019-07-22;"SPPO";2460351
2019-07-23;"SPPO";2513405
2019-07-24;"SPPO";2512983
2019-07-25;"SPPO";2511869
2019-07-26;"SPPO";2500313
2019-07-27;"SPPO";1652591
2019-07-28;"SPPO";1043117
2019-07-29;"SPPO";2500531
2019-07-30;"SPPO";2591646
2019-07-31;"SPPO";2549668
2019-08-01;"SPPO";2701222
2019-08-02;"SPPO";2674588
2019-08-03;"SPPO";1473619
2019-08-04;"SPPO";883597
2019-08-05;"SPPO";2781652
2019-08-06;"SPPO";2933300
2019-08-07;"SPPO";2973879
2019-08-08;"SPPO";2946315
2019-08-09;"SPPO";2868648
2019-08-10;"SPPO";1817815
2019-08-11;"SPPO";1099344
2019-08-12;"SPPO";2863474
2019-08-13;"SPPO";2800150
2019-08-14;"SPPO";2739825
2019-08-15;"SPPO";2884912
2019-08-16;"SPPO";2898013
2019-08-17;"SPPO";1733255
2019-08-18;"SPPO";1089550
2019-08-19;"SPPO";2838950
2019-08-20;"SPPO";2818501
2019-08-21;"SPPO";2850128
2019-08-22;"SPPO";2774258
2019-08-23;"SPPO";2768000
2019-08-24;"SPPO";1638437
2019-08-25;"SPPO";980088
2019-08-26;"SPPO";2821806
2019-08-27;"SPPO";2894321
2019-08-28;"SPPO";2873247
2019-08-29;"SPPO";2880318
2019-08-30;"SPPO";2862149
2019-08-31;"SPPO";1727301
2019-09-01;"SPPO";1029792
2019-09-02;"SPPO";2747806
2019-09-03;"SPPO";2888117
2019-09-04;"SPPO";2824927
2019-09-05;"SPPO";2763901
2019-09-06;"SPPO";2916754
2019-09-07;"SPPO";1408359
2019-09-08;"SPPO";1121018
2019-09-09;"SPPO";2950770
2019-09-10;"SPPO";3019586
2019-09-11;"SPPO";2981840
2019-09-12;"SPPO";2956999
2019-09-13;"SPPO";2865005
2019-09-14;"SPPO";1702143
2019-09-15;"SPPO";1084186
2019-09-16;"SPPO";2882294
2019-09-17;"SPPO";2931442
2019-09-18;"SPPO";2921993
2019-09-19;"SPPO";2894895
2019-09-20;"SPPO";2881379
2019-09-21;"SPPO";1650614
2019-09-22;"SPPO";945317
2019-09-23;"SPPO";2814847
2019-09-24;"SPPO";2893012
2019-09-25;"SPPO";2844728
2019-09-26;"SPPO";2656207
2019-09-27;"SPPO";2786201
2019-09-28;"SPPO";1573508
2019-09-29;"SPPO";993327
2019-09-30;"SPPO";2749283
2019-10-01;"SPPO";2975867
2019-10-02;"SPPO";2939055
2019-10-03;"SPPO";2922055
2019-10-04;"SPPO";2909285
2019-10-05;"SPPO";1850349
2019-10-06;"SPPO";1125370
2019-10-07;"SPPO";2907462
2019-10-08;"SPPO";2861564
2019-10-09;"SPPO";2547909
2019-10-10;"SPPO";2893936
2019-10-11;"SPPO";2898354
2019-10-12;"SPPO";1486814
2019-10-13;"SPPO";1173572
2019-10-14;"SPPO";2593367
2019-10-15;"SPPO";2558760
2019-10-16;"SPPO";2926740
2019-10-17;"SPPO";2921054
2019-10-18;"SPPO";2876052
2019-10-19;"SPPO";1764937
2019-10-20;"SPPO";1030176
2019-10-21;"SPPO";2251583
2019-10-22;"SPPO";2921862
2019-10-23;"SPPO";2820320
2019-10-24;"SPPO";2863238
2019-10-25;"SPPO";2851817
2019-10-26;"SPPO";1681797
2019-10-27;"SPPO";1089589
2019-10-28;"SPPO";2522168
2019-10-29;"SPPO";2879835
2019-10-30;"SPPO";2898234
2019-10-31;"SPPO";2882551
2019-11-01;"SPPO";2888366
2019-11-02;"SPPO";1364373
2019-11-03;"SPPO";1143770
2019-11-04;"SPPO";2888775
2019-11-05;"SPPO";2949429
2019-11-06;"SPPO";2930801
2019-11-07;"SPPO";2966283
2019-11-08;"SPPO";2878570
2019-11-09;"SPPO";1758585
2019-11-10;"SPPO";1093954
2019-11-11;"SPPO";2620297
2019-11-12;"SPPO";2892287
2019-11-13;"SPPO";2950840
2019-11-14;"SPPO";2804954
2019-11-15;"SPPO";1172169
2019-11-16;"SPPO";1625269
2019-11-17;"SPPO";1021685
2019-11-18;"SPPO";2873283
2019-11-19;"SPPO";2883460
2019-11-20;"SPPO";1227790
2019-11-21;"SPPO";2925891
2019-11-22;"SPPO";2865958
2019-11-23;"SPPO";1580401
2019-11-24;"SPPO";972136
2019-11-25;"SPPO";2804260
2019-11-26;"SPPO";2870351
2019-11-27;"SPPO";2884404
2019-11-28;"SPPO";2757433
2019-11-29;"SPPO";2834851
2019-11-30;"SPPO";1785067
2019-12-01;"SPPO";1123468
2019-12-02;"SPPO";2821769
2019-12-03;"SPPO";2901573
2019-12-04;"SPPO";2916246
2019-12-05;"SPPO";2868168
2019-12-06;"SPPO";2776279
2019-12-07;"SPPO";1892463
2019-12-08;"SPPO";1231712
2019-12-09;"SPPO";2801096
2019-12-10;"SPPO";2803799
2019-12-11;"SPPO";2772554
2019-12-12;"SPPO";2696209
2019-12-13;"SPPO";2727222
2019-12-14;"SPPO";1831295
2019-12-15;"SPPO";1216217
2019-12-16;"SPPO";2698106
2019-12-17;"SPPO";2666030
2019-12-18;"SPPO";2652147
2019-12-19;"SPPO";2636573
2019-12-20;"SPPO";2653534
2019-12-21;"SPPO";1768324
2019-12-22;"SPPO";1216922
2019-12-23;"SPPO";2296509
2019-12-24;"SPPO";1479519
2019-12-25;"SPPO";764553
2019-12-26;"SPPO";2185922
2019-12-27;"SPPO";2313063
2019-12-28;"SPPO";1681422
2019-12-29;"SPPO";1200708
2019-12-30;"SPPO";2194493
2019-12-31;"SPPO";1528439
2020-01-01;"SPPO";865592
2020-01-02;"SPPO";2012301
2020-01-03;"SPPO";2082403
2020-01-04;"SPPO";1521302
2020-01-05;"SPPO";1023140
2020-01-06;"SPPO";2431200
2020-01-07;"SPPO";2491533
2020-01-08;"SPPO";2471044
2020-01-09;"SPPO";2469010
2020-01-10;"SPPO";2470111
2020-01-11;"SPPO";1660710
2020-01-12;"SPPO";1130191
2020-01-13;"SPPO";2294783
2020-01-14;"SPPO";2431822
2020-01-15;"SPPO";2469187
2020-01-16;"SPPO";2440615
2020-01-17;"SPPO";2235299
2020-01-18;"SPPO";1553877
2020-01-19;"SPPO";1033984
2020-01-20;"SPPO";1178869
2020-01-21;"SPPO";2475599
2020-01-22;"SPPO";2452908
2020-01-23;"SPPO";2339439
2020-01-24;"SPPO";2356260
2020-01-25;"SPPO";1577487
2020-01-26;"SPPO";1064382
2020-01-27;"SPPO";2423830
2020-01-28;"SPPO";2446775
2020-01-29;"SPPO";2439147
2020-01-30;"SPPO";2351584
2020-01-31;"SPPO";2377865
2020-02-01;"SPPO";1654550
2020-02-02;"SPPO";1034124
2020-02-03;"SPPO";2456533
2020-02-04;"SPPO";2578357
2020-02-05;"SPPO";2465385
2020-02-06;"SPPO";2585822
2020-02-07;"SPPO";2675982
2020-02-08;"SPPO";1781101
2020-02-09;"SPPO";1134859
2020-02-10;"SPPO";2616864
2020-02-11;"SPPO";2475140
2020-02-12;"SPPO";2617120
2020-02-13;"SPPO";2701568
2020-02-14;"SPPO";2761409
2020-02-15;"SPPO";1750033
2020-02-16;"SPPO";1092837
2020-02-17;"SPPO";2756341
2020-02-18;"SPPO";2804057
2020-02-19;"SPPO";2771163
2020-02-20;"SPPO";2686618
2020-02-21;"SPPO";2208647
2020-02-22;"SPPO";1287422
2020-02-23;"SPPO";912876
2020-02-24;"SPPO";1060314
2020-02-25;"SPPO";891150
2020-02-26;"SPPO";1347671
2020-02-27;"SPPO";2130992
2020-02-28;"SPPO";2249652
2020-02-29;"SPPO";1469451
2020-03-01;"SPPO";777182
2020-03-02;"SPPO";2335546
2020-03-03;"SPPO";2683271
2020-03-04;"SPPO";2717329
2020-03-05;"SPPO";2771141
2020-03-06;"SPPO";2769017
2020-03-07;"SPPO";1704243
2020-03-08;"SPPO";1078851
2020-03-09;"SPPO";2776020
2020-03-10;"SPPO";2828138
2020-03-11;"SPPO";2798954
2020-03-12;"SPPO";2779540
2020-03-13;"SPPO";2713771
2020-03-14;"SPPO";1519588
2020-03-15;"SPPO";931422
2020-03-16;"SPPO";2056967
2020-03-17;"SPPO";1759965
2020-03-18;"SPPO";1545300
2020-03-19;"SPPO";1354347
2020-03-20;"SPPO";1237108
2020-03-21;"SPPO";672630
2020-03-22;"SPPO";401902
2020-03-23;"SPPO";931920
2020-03-24;"SPPO";786205
2020-03-25;"SPPO";771747
2020-03-26;"SPPO";770122
2020-03-27;"SPPO";809647
2020-03-28;"SPPO";554652
2020-03-29;"SPPO";363907
2020-03-30;"SPPO";824919
2020-03-31;"SPPO";832984
2020-04-01;"SPPO";823465
2020-04-02;"SPPO";822914
2020-04-03;"SPPO";848302
2020-04-04;"SPPO";561253
2020-04-05;"SPPO";333352
2020-04-06;"SPPO";878775
2020-04-07;"SPPO";888564
2020-04-08;"SPPO";869570
2020-04-09;"SPPO";907231
2020-04-10;"SPPO";428254
2020-04-11;"SPPO";553803
2020-04-12;"SPPO";338173
2020-04-13;"SPPO";866726
2020-04-14;"SPPO";846676
2020-04-15;"SPPO";846931
2020-04-16;"SPPO";826206
2020-04-17;"SPPO";844071
2020-04-18;"SPPO";547917
2020-04-19;"SPPO";323937
2020-04-20;"SPPO";838207
2020-04-21;"SPPO";420414
2020-04-22;"SPPO";866288
2020-04-23;"SPPO";435402
2020-04-24;"SPPO";844836
2020-04-25;"SPPO";545456
2020-04-26;"SPPO";322533
2020-04-27;"SPPO";842158
2020-04-28;"SPPO";826433
2020-04-29;"SPPO";836794
2020-04-30;"SPPO";863609
2020-05-01;"SPPO";433164
2020-05-02;"SPPO";549345
2020-05-03;"SPPO";316239
2020-05-04;"SPPO";895760
2020-05-05;"SPPO";899088
2020-05-06;"SPPO";897399
2020-05-07;"SPPO";835879
2020-05-08;"SPPO";920691
2020-05-09;"SPPO";602333
2020-05-10;"SPPO";345375
2020-05-11;"SPPO";854954
2020-05-12;"SPPO";842355
2020-05-13;"SPPO";840644
2020-05-14;"SPPO";812931
2020-05-15;"SPPO";796497
2020-05-16;"SPPO";555294
2020-05-17;"SPPO";323518
2020-05-18;"SPPO";853415
2020-05-19;"SPPO";853722
2020-05-20;"SPPO";865482
2020-05-21;"SPPO";850807
2020-05-22;"SPPO";873481
2020-05-23;"SPPO";566750
2020-05-24;"SPPO";311059
2020-05-25;"SPPO";867386
2020-05-26;"SPPO";879257
2020-05-27;"SPPO";888804
2020-05-28;"SPPO";884553
2020-05-29;"SPPO";926650
2020-05-30;"SPPO";602142
2020-05-31;"SPPO";346576
2020-06-01;"SPPO";967823
2020-06-02;"SPPO";986681
2020-06-03;"SPPO";1000798
2020-06-04;"SPPO";1000005
2020-06-05;"SPPO";1054511
2020-06-06;"SPPO";667680
2020-06-07;"SPPO";373858
2020-06-08;"SPPO";1018164
2020-06-09;"SPPO";1020107
2020-06-10;"SPPO";1049052
2020-06-11;"SPPO";548696
2020-06-12;"SPPO";1023656
2020-06-13;"SPPO";676680
2020-06-14;"SPPO";384138
2020-06-15;"SPPO";1020426
2020-06-16;"SPPO";1053667
2020-06-17;"SPPO";1076575
2020-06-18;"SPPO";1062202
2020-06-19;"SPPO";1092856
2020-06-20;"SPPO";727578
2020-06-21;"SPPO";426829
2020-06-22;"SPPO";1078120
2020-06-23;"SPPO";1090464
2020-06-24;"SPPO";1100365
2020-06-25;"SPPO";1093693
2020-06-26;"SPPO";1120939
2020-06-27;"SPPO";717062
2020-06-28;"SPPO";416709
2020-06-29;"SPPO";1083818
2020-06-30;"SPPO";1129691
2020-07-01;"SPPO";1198726
2020-07-02;"SPPO";1215087
2020-07-03;"SPPO";1242149
2020-07-04;"SPPO";822363
2020-07-05;"SPPO";485987
2020-07-06;"SPPO";1266579
2020-07-07;"SPPO";1302359
2020-07-08;"SPPO";1300830
2020-07-09;"SPPO";1273822
2020-07-10;"SPPO";1310442
2020-07-11;"SPPO";861795
2020-07-12;"SPPO";500384
2020-07-13;"SPPO";1262299
2020-07-14;"SPPO";1222725
2020-07-15;"SPPO";1219006
2020-07-16;"SPPO";1277062
2020-07-17;"SPPO";1310039
2020-07-18;"SPPO";870430
2020-07-19;"SPPO";507063
2020-07-20;"SPPO";1281520
2020-07-21;"SPPO";1298249
2020-07-22;"SPPO";1313894
2020-07-23;"SPPO";1306524
2020-07-24;"SPPO";1331490
2020-07-25;"SPPO";882893
2020-07-26;"SPPO";512209
2020-07-27;"SPPO";1300456
2020-07-28;"SPPO";1333209
2020-07-29;"SPPO";1293400
2020-07-30;"SPPO";1214711
2020-07-31;"SPPO";1319739
2020-08-01;"SPPO";927541
2020-08-02;"SPPO";543048
2020-08-03;"SPPO";1401361
2020-08-04;"SPPO";1419899
2020-08-05;"SPPO";1442847
2020-08-06;"SPPO";1451765
2020-08-07;"SPPO";1506395
2020-08-08;"SPPO";1014285
2020-08-09;"SPPO";616644
2020-08-10;"SPPO";1425604
2020-08-11;"SPPO";1443154
2020-08-12;"SPPO";1446544
2020-08-13;"SPPO";1445014
2020-08-14;"SPPO";1459561
2020-08-15;"SPPO";971314
2020-08-16;"SPPO";529563
2020-08-17;"SPPO";1418057
2020-08-18;"SPPO";1452630
2020-08-19;"SPPO";1466549
2020-08-20;"SPPO";1413001
2020-08-21;"SPPO";1367920
2020-08-22;"SPPO";807541
2020-08-23;"SPPO";522898
2020-08-24;"SPPO";1415199
2020-08-25;"SPPO";1444980
2020-08-26;"SPPO";1451502
2020-08-27;"SPPO";1459192
2020-08-28;"SPPO";1491893
2020-08-29;"SPPO";984542
2020-08-30;"SPPO";607668
2020-08-31;"SPPO";1428321
2020-09-01;"SPPO";1499808
2020-09-02;"SPPO";1517303
2020-09-03;"SPPO";1538415
2020-09-04;"SPPO";1568716
2020-09-05;"SPPO";1046336
2020-09-06;"SPPO";640463
2020-09-07;"SPPO";694977
2020-09-08;"SPPO";1583560
2020-09-09;"SPPO";1565813
2020-09-10;"SPPO";1558938
2020-09-11;"SPPO";1559923
2020-09-12;"SPPO";1041897
2020-09-13;"SPPO";634638
2020-09-14;"SPPO";1511976
2020-09-15;"SPPO";1483003
2020-09-16;"SPPO";1539640
2020-09-17;"SPPO";1545571
2020-09-18;"SPPO";1539674
2020-09-19;"SPPO";1013710
2020-09-20;"SPPO";524729
2020-09-21;"SPPO";1439992
2020-09-22;"SPPO";1223699
2020-09-23;"SPPO";1461865
2020-09-24;"SPPO";1521453
2020-09-25;"SPPO";1545456
2020-09-26;"SPPO";1010592
2020-09-27;"SPPO";620007
2020-09-28;"SPPO";1484367
2020-09-29;"SPPO";1510730
2020-09-30;"SPPO";1531045
2020-10-01;"SPPO";1590802
2020-10-02;"SPPO";1618592
2020-10-03;"SPPO";1047777
2020-10-04;"SPPO";571077
2020-10-05;"SPPO";1577608
2020-10-06;"SPPO";1618774
2020-10-07;"SPPO";1632711
2020-10-08;"SPPO";1574507
2020-10-09;"SPPO";1585121
2020-10-10;"SPPO";1069569
2020-10-11;"SPPO";632697
2020-10-12;"SPPO";722094
2020-10-13;"SPPO";1637346
2020-10-14;"SPPO";1624992
2020-10-15;"SPPO";1586988
2020-10-16;"SPPO";1593867
2020-10-17;"SPPO";1065109
2020-10-18;"SPPO";619777
2020-10-19;"SPPO";1145907
2020-10-20;"SPPO";1648459
2020-10-21;"SPPO";1619823
2020-10-22;"SPPO";1603033
2020-10-23;"SPPO";1615104
2020-10-24;"SPPO";1033360
2020-10-25;"SPPO";594198
2020-10-26;"SPPO";1552167
2020-10-27;"SPPO";1603016
2020-10-28;"SPPO";1594062
2020-10-29;"SPPO";1608706
2020-10-30;"SPPO";1474845
2020-10-31;"SPPO";977377
2020-11-01;"SPPO";579648
2020-11-02;"SPPO";683263
2020-11-03;"SPPO";1686938
2020-11-04;"SPPO";1677890
2020-11-05;"SPPO";1651579
2020-11-06;"SPPO";1711897
2020-11-07;"SPPO";1127989
2020-11-08;"SPPO";637748
2020-11-09;"SPPO";1660871
2020-11-10;"SPPO";1680270
2020-11-11;"SPPO";1680610
2020-11-12;"SPPO";1662923
2020-11-13;"SPPO";1680575
2020-11-14;"SPPO";1103464
2020-11-15;"SPPO";980697
2020-11-16;"SPPO";1614493
2020-11-17;"SPPO";1663425
2020-11-18;"SPPO";1588762
2020-11-19;"SPPO";1623387
2020-11-20;"SPPO";784156
2020-11-21;"SPPO";1055468
2020-11-22;"SPPO";604499
2020-11-23;"SPPO";1619381
2020-11-24;"SPPO";1654810
2020-11-25;"SPPO";1665273
2020-11-26;"SPPO";1652132
2020-11-27;"SPPO";1671851
2020-11-28;"SPPO";1115525
2020-11-29;"SPPO";924059
2020-11-30;"SPPO";1584189
2020-12-01;"SPPO";1659908
2020-12-02;"SPPO";1651769
2020-12-03;"SPPO";1684926
2020-12-04;"SPPO";1703796
2020-12-05;"SPPO";1115800
2020-12-06;"SPPO";613287
2020-12-07;"SPPO";1548441
2020-12-08;"SPPO";1672148
2020-12-09;"SPPO";1664542
2020-12-10;"SPPO";1630366
2020-12-11;"SPPO";1684480
2020-12-12;"SPPO";1135630
2020-12-13;"SPPO";624345
2020-12-14;"SPPO";1646556
2020-12-15;"SPPO";1689735
2020-12-16;"SPPO";1661559
2020-12-17;"SPPO";1681009
2020-12-18;"SPPO";1691542
2020-12-19;"SPPO";1194067
2020-12-20;"SPPO";732785
2020-12-21;"SPPO";1677996
2020-12-22;"SPPO";1615266
2020-12-23;"SPPO";1637134
2020-12-24;"SPPO";991013
2020-12-25;"SPPO";390150
2020-12-26;"SPPO";902594
2020-12-27;"SPPO";548123
2020-12-28;"SPPO";1479779
2020-12-29;"SPPO";1500602
2020-12-30;"SPPO";1484205
2020-12-31;"SPPO";941154
2021-01-01;"SPPO";384813
2021-01-02;"SPPO";745196
2021-01-03;"SPPO";554077
2021-01-04;"SPPO";1522345
2021-01-05;"SPPO";1584340
2021-01-06;"SPPO";1587885
2021-01-07;"SPPO";1603077
2021-01-08;"SPPO";1630386
2021-01-09;"SPPO";1059638
2021-01-10;"SPPO";641133
2021-01-11;"SPPO";1603018
2021-01-12;"SPPO";1610297
2021-01-13;"SPPO";1619221
2021-01-14;"SPPO";1609918
2021-01-15;"SPPO";1618808
2021-01-16;"SPPO";1066543
2021-01-17;"SPPO";675963
2021-01-18;"SPPO";1583571
2021-01-19;"SPPO";1639818
2021-01-20;"SPPO";852552
2021-01-21;"SPPO";1638518
2021-01-22;"SPPO";1623796
2021-01-23;"SPPO";1055983
2021-01-24;"SPPO";654331
2021-01-25;"SPPO";1584296
2021-01-26;"SPPO";1618775
2021-01-27;"SPPO";1609771
2021-01-28;"SPPO";1600774
2021-01-29;"SPPO";1612552
2021-01-30;"SPPO";1052020
2021-01-31;"SPPO";647514
2021-02-01;"SPPO";1633400
2021-02-02;"SPPO";1643310
2021-02-03;"SPPO";1660658
2021-02-04;"SPPO";1677842
2021-02-05;"SPPO";1598869
2021-02-06;"SPPO";1006348
2021-02-07;"SPPO";604022
2021-02-08;"SPPO";1620683
2021-02-09;"SPPO";1688587
2021-02-10;"SPPO";1709009
2021-02-11;"SPPO";1681174
2021-02-12;"SPPO";1673416
2021-02-13;"SPPO";1003400
2021-02-14;"SPPO";610753
2021-02-15;"SPPO";1084280
2021-02-16;"SPPO";705052
2021-02-17;"SPPO";1307066
2021-02-18;"SPPO";1643372
2021-02-19;"SPPO";1639981
2021-02-20;"SPPO";1041214
2021-02-21;"SPPO";597687
2021-02-22;"SPPO";1616576
2021-02-23;"SPPO";1679543
2021-02-24;"SPPO";1669650
2021-02-25;"SPPO";1653670
2021-02-26;"SPPO";1654421
2021-02-27;"SPPO";1030418
2021-02-28;"SPPO";611013
2021-03-01;"SPPO";1643724
2021-03-02;"SPPO";1672014
2021-03-03;"SPPO";1690580
2021-03-04;"SPPO";1686875
2021-03-05;"SPPO";1687185
2021-03-06;"SPPO";1030417
2021-03-07;"SPPO";547523
2021-03-08;"SPPO";1632251
2021-03-09;"SPPO";1659103
2021-03-10;"SPPO";1664242
2021-03-11;"SPPO";1640408
2021-03-12;"SPPO";1650555
2021-03-13;"SPPO";1031851
2021-03-14;"SPPO";594092
2021-03-15;"SPPO";1615348
2021-03-16;"SPPO";1598298
2021-03-17;"SPPO";1637003
2021-03-18;"SPPO";1623496
2021-03-19;"SPPO";1622828
2021-03-20;"SPPO";992805
2021-03-21;"SPPO";553684
2021-03-22;"SPPO";1548408
2021-03-23;"SPPO";1582209
2021-03-24;"SPPO";1590497
2021-03-25;"SPPO";1610843
2021-03-26;"SPPO";1168753
2021-03-27;"SPPO";764827
2021-03-28;"SPPO";469513
2021-03-29;"SPPO";1081747
2021-03-30;"SPPO";1077721
2021-03-31;"SPPO";1160840
2021-04-01;"SPPO";1218014
2021-04-02;"SPPO";600913
2021-04-03;"SPPO";792205
2021-04-04;"SPPO";504233
2021-04-05;"SPPO";1405222
2021-04-06;"SPPO";1407081
2021-04-07;"SPPO";1440370
2021-04-08;"SPPO";1465052
2021-04-09;"SPPO";1564588
2021-04-10;"SPPO";1001876
2021-04-11;"SPPO";556236
2021-04-12;"SPPO";1548420
2021-04-13;"SPPO";1489363
2021-04-14;"SPPO";1580964
2021-04-15;"SPPO";1583912
2021-04-16;"SPPO";1589929
2021-04-17;"SPPO";986579
2021-04-18;"SPPO";555001
2021-04-19;"SPPO";1554364
2021-04-20;"SPPO";1579584
2021-04-21;"SPPO";1109319
2021-04-22;"SPPO";1501282
2021-04-23;"SPPO";1202677
2021-04-24;"SPPO";959400
2021-04-25;"SPPO";568366
2021-04-26;"SPPO";1578286
2021-04-27;"SPPO";1567763
2021-04-28;"SPPO";1592974
2021-04-29;"SPPO";1522379
2021-04-30;"SPPO";1581279
2021-05-01;"SPPO";757353
2021-05-02;"SPPO";549879
2021-05-03;"SPPO";1570157
2021-05-04;"SPPO";1609030
2021-05-05;"SPPO";1616976
2021-05-06;"SPPO";1614817
2021-05-07;"SPPO";1536592
2021-05-08;"SPPO";1008515
2021-05-09;"SPPO";590156
2021-05-10;"SPPO";1572872
2021-05-11;"SPPO";1616509
2021-05-12;"SPPO";1605709
2021-05-13;"SPPO";1513642
2021-05-14;"SPPO";1604364
2021-05-15;"SPPO";1005748
2021-05-16;"SPPO";563326
2021-05-17;"SPPO";1579095
2021-05-18;"SPPO";1577940
2021-05-19;"SPPO";1600591
2021-05-20;"SPPO";1607745
2021-05-21;"SPPO";1603127
2021-05-22;"SPPO";996711
2021-05-23;"SPPO";568726
2021-05-24;"SPPO";1549695
2021-05-25;"SPPO";1598479
2021-05-26;"SPPO";1603676
2021-05-27;"SPPO";1597566
2021-05-28;"SPPO";1610626
2021-05-29;"SPPO";999572
2021-05-30;"SPPO";536563
2021-05-31;"SPPO";1425449
2021-06-01;"SPPO";1674561
2021-06-02;"SPPO";1725675
2021-06-03;"SPPO";791009
2021-06-04;"SPPO";1578831
2021-06-05;"SPPO";1063379
2021-06-06;"SPPO";626291
2021-06-07;"SPPO";1701573
2021-06-08;"SPPO";1713292
2021-06-09;"SPPO";1680278
2021-06-10;"SPPO";1697611
2021-06-11;"SPPO";1671820
2021-06-12;"SPPO";1055301
2021-06-13;"SPPO";582645
2021-06-14;"SPPO";1651531
2021-06-15;"SPPO";1690587
2021-06-16;"SPPO";1681012
2021-06-17;"SPPO";1588876
2021-06-18;"SPPO";1661910
2021-06-19;"SPPO";1034094
2021-06-20;"SPPO";587201
2021-06-21;"SPPO";1629950
2021-06-22;"SPPO";1626699
2021-06-23;"SPPO";1647823
2021-06-24;"SPPO";1677749
2021-06-25;"SPPO";1680161
2021-06-26;"SPPO";1053660
2021-06-27;"SPPO";606817
2021-06-28;"SPPO";1636647
2021-06-29;"SPPO";1618882
2021-06-30;"SPPO";1629069
2021-07-01;"SPPO";1723165
2021-07-02;"SPPO";1745524
2021-07-03;"SPPO";1091758
2021-07-04;"SPPO";594348
2021-07-05;"SPPO";1680841
2021-07-06;"SPPO";1746942
2021-07-07;"SPPO";1772012
2021-07-08;"SPPO";1775662
2021-07-09;"SPPO";1769182
2021-07-10;"SPPO";1125479
2021-07-11;"SPPO";630184
2021-07-12;"SPPO";1711264
2021-07-13;"SPPO";1733716
2021-07-14;"SPPO";1739512
2021-07-15;"SPPO";1734759
2021-07-16;"SPPO";1712644
2021-07-17;"SPPO";1078864
2021-07-18;"SPPO";606677
2021-07-19;"SPPO";1631915
2021-07-20;"SPPO";1657056
2021-07-21;"SPPO";1658947
2021-07-22;"SPPO";1660564
2021-07-23;"SPPO";1667248
2021-07-24;"SPPO";1074964
2021-07-25;"SPPO";632545
2021-07-26;"SPPO";1628779
2021-07-27;"SPPO";1679060
2021-07-28;"SPPO";1530043
2021-07-29;"SPPO";1607792
2021-07-30;"SPPO";1705344
2021-07-31;"SPPO";1054568
2021-08-01;"SPPO";626369
2021-08-02;"SPPO";1754025
2021-08-03;"SPPO";1762260
2021-08-04;"SPPO";1790567
2021-08-05;"SPPO";1829289
2021-08-06;"SPPO";1834694
2021-08-07;"SPPO";1169405
2021-08-08;"SPPO";677526
2021-08-09;"SPPO";1773251
2021-08-10;"SPPO";1824985
2021-08-11;"SPPO";1794704
2021-08-12;"SPPO";1660268
2021-08-13;"SPPO";1716521
2021-08-14;"SPPO";1061881
2021-08-15;"SPPO";624776
2021-08-16;"SPPO";1736341
2021-08-17;"SPPO";1783000
2021-08-18;"SPPO";1797060
2021-08-19;"SPPO";1796405
2021-08-20;"SPPO";1782025
2021-08-21;"SPPO";1138561
2021-08-22;"SPPO";671528
2021-08-23;"SPPO";1742475
2021-08-24;"SPPO";1789830
2021-08-25;"SPPO";1798973
2021-08-26;"SPPO";1808918
2021-08-27;"SPPO";1764373
2021-08-28;"SPPO";1084666
2021-08-29;"SPPO";602173
2021-08-30;"SPPO";1705845
2021-08-31;"SPPO";1697202
2021-09-01;"SPPO";1842408
2021-09-02;"SPPO";1915331
2021-09-03;"SPPO";1932142
2021-09-04;"SPPO";1208738
2021-09-05;"SPPO";681777
2021-09-06;"SPPO";1608191
2021-09-07;"SPPO";744379
2021-09-08;"SPPO";1950950
2021-09-09;"SPPO";1928687
2021-09-10;"SPPO";1896893
2021-09-11;"SPPO";1163073
2021-09-12;"SPPO";667081
2021-09-13;"SPPO";1875295
2021-09-14;"SPPO";1912478
2021-09-15;"SPPO";1899205
2021-09-16;"SPPO";1849957
2021-09-17;"SPPO";1854299
2021-09-18;"SPPO";1167866
2021-09-19;"SPPO";660543
2021-09-20;"SPPO";1849785
2021-09-21;"SPPO";1889845
2021-09-22;"SPPO";1850914
2021-09-23;"SPPO";1882660
2021-09-24;"SPPO";1897434
2021-09-25;"SPPO";1162300
2021-09-26;"SPPO";688119
2021-09-27;"SPPO";1837769
2021-09-28;"SPPO";1887841
2021-09-29;"SPPO";1885225
2021-09-30;"SPPO";1896185
2021-10-01;"SPPO";1927476
2021-10-02;"SPPO";1203550
2021-10-03;"SPPO";688654
2021-10-04;"SPPO";1878675
2021-10-05;"SPPO";1876932
2021-10-06;"SPPO";1961329
2021-10-07;"SPPO";1932968
2021-10-08;"SPPO";1932227
2021-10-09;"SPPO";1208653
2021-10-10;"SPPO";633375
2021-10-11;"SPPO";1498433
2021-10-12;"SPPO";776157
2021-10-13;"SPPO";1970065
2021-10-14;"SPPO";1959137
2021-10-15;"SPPO";1854337
2021-10-16;"SPPO";1184899
2021-10-17;"SPPO";644135
2021-10-18;"SPPO";1401370
2021-10-19;"SPPO";1864398
2021-10-20;"SPPO";1800369
2021-10-21;"SPPO";1945605
2021-10-22;"SPPO";1957532
2021-10-23;"SPPO";1238098
2021-10-24;"SPPO";632025
2021-10-25;"SPPO";1908043
2021-10-26;"SPPO";1992511
2021-10-27;"SPPO";2003876
2021-10-28;"SPPO";1974018
2021-10-29;"SPPO";1967780
2021-10-30;"SPPO";1214171
2021-10-31;"SPPO";641034
2021-11-01;"SPPO";1403039
2021-11-02;"SPPO";755136
2021-11-03;"SPPO";2091230
2021-11-04;"SPPO";2099839
2021-11-05;"SPPO";2120851
2021-11-06;"SPPO";1290342
2021-11-07;"SPPO";738236
2021-11-08;"SPPO";2062531
2021-11-09;"SPPO";2084286
2021-11-10;"SPPO";2100274
2021-11-11;"SPPO";2023527
2021-11-12;"SPPO";2000722
2021-11-13;"SPPO";1243654
2021-11-14;"SPPO";748134
2021-11-15;"SPPO";849354
2021-11-16;"SPPO";2122667
2021-11-17;"SPPO";2114824
2021-11-18;"SPPO";2073853
2021-11-19;"SPPO";1949193
2021-11-20;"SPPO";986243
2021-11-21;"SPPO";714744
2021-11-22;"SPPO";2038480
2021-11-23;"SPPO";2075601
2021-11-24;"SPPO";2066689
2021-11-25;"SPPO";2051696
2021-11-26;"SPPO";2023964
2021-11-27;"SPPO";1201257
2021-11-28;"SPPO";706036
2021-11-29;"SPPO";1960556
2021-11-30;"SPPO";1960632
2021-12-01;"SPPO";2028298
2021-12-02;"SPPO";2050196
2021-12-03;"SPPO";2045152
2021-12-04;"SPPO";1284269
2021-12-05;"SPPO";771871
2021-12-06;"SPPO";2009725
2021-12-07;"SPPO";1952705
2021-12-08;"SPPO";1969000
2021-12-09;"SPPO";2039818
2021-12-10;"SPPO";2051228
2021-12-11;"SPPO";1335990
2021-12-12;"SPPO";746521
2021-12-13;"SPPO";1972090
2021-12-14;"SPPO";2000581
2021-12-15;"SPPO";2019547
2021-12-16;"SPPO";1997714
2021-12-17;"SPPO";1965511
2021-12-18;"SPPO";1320944
2021-12-19;"SPPO";809234
2021-12-20;"SPPO";2002201
2021-12-21;"SPPO";2014635
2021-12-22;"SPPO";1989632
2021-12-23;"SPPO";1841329
2021-12-24;"SPPO";1134794
2021-12-25;"SPPO";476672
2021-12-26;"SPPO";727710
2021-12-27;"SPPO";1665797
2021-12-28;"SPPO";1754139
2021-12-29;"SPPO";1755857
2021-12-30;"SPPO";1641481
2021-12-31;"SPPO";1047469
2022-01-01;"SPPO";421873
2022-01-02;"SPPO";601283
2022-01-03;"SPPO";1615475
2022-01-04;"SPPO";1698771
2022-01-05;"SPPO";1712749
2022-01-06;"SPPO";1698611
2022-01-07;"SPPO";1586977
2022-01-08;"SPPO";991112
2022-01-09;"SPPO";592573
2022-01-10;"SPPO";1678036
2022-01-11;"SPPO";1609063
2022-01-12;"SPPO";1641939
2022-01-13;"SPPO";1627639
2022-01-14;"SPPO";1624254
2022-01-15;"SPPO";1055963
2022-01-16;"SPPO";632508
2022-01-17;"SPPO";1628448
2022-01-18;"SPPO";1653735
2022-01-19;"SPPO";1690146
2022-01-20;"SPPO";898617
2022-01-21;"SPPO";1580502
2022-01-22;"SPPO";1108747
2022-01-23;"SPPO";714021
2022-01-24;"SPPO";1705943
2022-01-25;"SPPO";1749183
2022-01-26;"SPPO";1747418
2022-01-27;"SPPO";1742490
2022-01-28;"SPPO";1724193
2022-01-29;"SPPO";1089488
2022-01-30;"SPPO";613113
2022-01-31;"SPPO";1693967
2022-02-01;"SPPO";1786132
2022-02-02;"SPPO";1828715
2022-02-03;"SPPO";1853675
2022-02-04;"SPPO";1888418
2022-02-05;"SPPO";1198375
2022-02-06;"SPPO";709231
2022-02-07;"SPPO";1886924
2022-02-08;"SPPO";1906550
2022-02-09;"SPPO";1951170
2022-02-10;"SPPO";1963281
2022-02-11;"SPPO";1953838
2022-02-12;"SPPO";1151726
2022-02-13;"SPPO";688902
2022-02-14;"SPPO";1953787
2022-02-15;"SPPO";1994228
2022-02-16;"SPPO";1999089
2022-02-17;"SPPO";1990351
2022-02-18;"SPPO";1912648
2022-02-19;"SPPO";1143025
2022-02-20;"SPPO";651986
2022-02-21;"SPPO";1926586
2022-02-22;"SPPO";2001347
2022-02-23;"SPPO";1997368
2022-02-24;"SPPO";1976575
2022-02-25;"SPPO";1933303
2022-02-26;"SPPO";1123650
2022-02-27;"SPPO";681912
2022-02-28;"SPPO";1038229
2022-03-01;"SPPO";774468
2022-03-02;"SPPO";1302260
2022-03-03;"SPPO";1859522
2022-03-04;"SPPO";1881506
2022-03-05;"SPPO";1189198
2022-03-06;"SPPO";716640
2022-03-07;"SPPO";2027063
2022-03-08;"SPPO";2070190
2022-03-09;"SPPO";2084137
2022-03-10;"SPPO";2064464
2022-03-11;"SPPO";2039436
2022-03-12;"SPPO";1194842
2022-03-13;"SPPO";683696
2022-03-14;"SPPO";1994259
2022-03-15;"SPPO";2053440
2022-03-16;"SPPO";2058101
2022-03-17;"SPPO";2053096
2022-03-18;"SPPO";2039067
2022-03-19;"SPPO";1199011
2022-03-20;"SPPO";653404
2022-03-21;"SPPO";1927740
2022-03-22;"SPPO";2035969
2022-03-23;"SPPO";2072904
2022-03-24;"SPPO";2058834
2022-03-25;"SPPO";2035958
2022-03-26;"SPPO";1162353
2022-03-27;"SPPO";658376
2022-03-28;"SPPO";2005498
2022-03-29;"SPPO";1116114
2022-03-30;"SPPO";2003782
2022-03-31;"SPPO";1996045
2022-04-01;"SPPO";1909186
2022-04-02;"SPPO";1041903
2022-04-03;"SPPO";640393
2022-04-04;"SPPO";2061023
2022-04-05;"SPPO";2110845
2022-04-06;"SPPO";2086386
2022-04-07;"SPPO";2118933
2022-04-08;"SPPO";2113297
2022-04-09;"SPPO";1229756
2022-04-10;"SPPO";692166
2022-04-11;"SPPO";2091448
2022-04-12;"SPPO";2152097
2022-04-13;"SPPO";2164489
2022-04-14;"SPPO";1807911
2022-04-15;"SPPO";724687
2022-04-16;"SPPO";1098845
2022-04-17;"SPPO";656174
2022-04-18;"SPPO";2039051
2022-04-19;"SPPO";2096616
2022-04-20;"SPPO";1812560
2022-04-21;"SPPO";771780
2022-04-22;"SPPO";1306707
2022-04-23;"SPPO";834517
2022-04-24;"SPPO";630354
2022-04-25;"SPPO";2017664
2022-04-26;"SPPO";2078739
2022-04-27;"SPPO";2092169
2022-04-28;"SPPO";2076852
2022-04-29;"SPPO";2008499
2022-04-30;"SPPO";934880
2022-05-01;"SPPO";686413
2022-05-02;"SPPO";2045274
2022-05-03;"SPPO";2131127
2022-05-04;"SPPO";2125107
2022-05-05;"SPPO";2182980
2022-05-06;"SPPO";2153334
2022-05-07;"SPPO";1283860
2022-05-08;"SPPO";706507
2022-05-09;"SPPO";2081477
2022-05-10;"SPPO";2171440
2022-05-11;"SPPO";2166695
2022-05-12;"SPPO";2056276
2022-05-13;"SPPO";2085733
2022-05-14;"SPPO";1209098
2022-05-15;"SPPO";659851
2022-05-16;"SPPO";2011891
2022-05-17;"SPPO";2100591
2022-05-18;"SPPO";2122990
2022-05-19;"SPPO";2066491
2022-05-20;"SPPO";2010503
2022-05-21;"SPPO";1167113
2022-05-22;"SPPO";665202
2022-05-23;"SPPO";2049391
2022-05-24;"SPPO";2092663
2022-05-25;"SPPO";2050554
2022-05-26;"SPPO";2107229
2022-05-27;"SPPO";2067365
2022-05-28;"SPPO";1179515
2022-05-29;"SPPO";684130
2022-05-30;"SPPO";2029879
2022-05-31;"SPPO";2056573
2022-06-01;"SPPO";2098378
2022-06-02;"SPPO";2081767
2022-06-03;"SPPO";2020662
2022-06-04;"SPPO";1079720
2022-06-05;"SPPO";663000
2022-06-06;"SPPO";2071210
2022-06-07;"SPPO";2129127
2022-06-08;"SPPO";2113134
2022-06-09;"SPPO";2078496
2022-06-10;"SPPO";2041699
2022-06-11;"SPPO";1103666
2022-06-12;"SPPO";648316
2022-06-13;"SPPO";2040856
2022-06-14;"SPPO";1947983
2022-06-15;"SPPO";2108216
2022-06-16;"SPPO";814505
2022-06-17;"SPPO";1608980
2022-06-18;"SPPO";1063975
2022-06-19;"SPPO";566931
2022-06-20;"SPPO";2052140
2022-06-21;"SPPO";2127365
2022-06-22;"SPPO";2135861
2022-06-23;"SPPO";2118256
2022-06-24;"SPPO";2095122
2022-06-25;"SPPO";1179316
2022-06-26;"SPPO";613915
2022-06-27;"SPPO";2019947
2022-06-28;"SPPO";2100641
2022-06-29;"SPPO";2111131
2022-06-30;"SPPO";2097503
2022-07-01;"SPPO";2079478
2022-07-02;"SPPO";1227788
2022-07-03;"SPPO";718644
2022-07-04;"SPPO";2029540
2022-07-05;"SPPO";2074097
2022-07-06;"SPPO";2104675
2022-07-07;"SPPO";2055326
2022-07-08;"SPPO";2009198
2022-07-09;"SPPO";1249212
2022-07-10;"SPPO";730061
2022-07-11;"SPPO";1929615
2022-07-12;"SPPO";1965789
2022-07-13;"SPPO";1784683
2022-07-14;"SPPO";1904531
2022-07-15;"SPPO";1945742
2022-07-16;"SPPO";1203742
2022-07-17;"SPPO";703317
2022-07-18;"SPPO";1811977
2022-07-19;"SPPO";1897210
2022-07-20;"SPPO";1898411
2022-07-21;"SPPO";1873480
2022-07-22;"SPPO";1873775
2022-07-23;"SPPO";1197640
2022-07-24;"SPPO";721958
2022-07-25;"SPPO";1878216
2022-07-26;"SPPO";1993127
2022-07-27;"SPPO";2026598
2022-07-28;"SPPO";1999441
2022-07-29;"SPPO";1905216
2022-07-30;"SPPO";1151156
2022-07-31;"SPPO";653112
2022-08-01;"SPPO";2035639
2022-08-02;"SPPO";2118801
2022-08-03;"SPPO";2126486
2022-08-04;"SPPO";2141690
2022-08-05;"SPPO";2100917
2022-08-06;"SPPO";1193270
2022-08-07;"SPPO";693204
2022-08-08;"SPPO";2035316
2022-08-09;"SPPO";2100330
2022-08-10;"SPPO";2021753
2022-08-11;"SPPO";1938165
2022-08-12;"SPPO";2078484
2022-08-13;"SPPO";1240267
2022-08-14;"SPPO";723201
2022-08-15;"SPPO";2075919
2022-08-16;"SPPO";2153574
2022-08-17;"SPPO";2154488
2022-08-18;"SPPO";2143987
2022-08-19;"SPPO";1887281
2022-08-20;"SPPO";1103247
2022-08-21;"SPPO";638291
2022-08-22;"SPPO";2076192
2022-08-23;"SPPO";2130066
2022-08-24;"SPPO";2103701
2022-08-25;"SPPO";2127364
2022-08-26;"SPPO";2083065
2022-08-27;"SPPO";1204806
2022-08-28;"SPPO";723128
2022-08-29;"SPPO";1920355
2022-08-30;"SPPO";2048876
2022-08-31;"SPPO";2135276
